Form Number,Provincia: Inhambane Distrito: Massinga Post.Administrativo: Chicomo Localidade: Malamba CP: Pomene,Numero de formulario,Entrevistador,Data,Periodo da Pesquisa,Sexo,Copy of Idade,Estado Civil,Nasceu neste povoado,"Se nao, ha quantos anos vive neste povoado",Situacao escolar,OBC que faz parte,Que actividade praticas?,Ha quantos anos realizas actividade de pesca?,Quem ensinou a pescar,Copy of Copy of É proprietario de uma Unidade de Pesca - UP,Copy of Qual arte de pesca que utiliza,Qual é a zona que costuma pescar?,Tem mudado de zona de pesca,Tens outro tipo de arte de pesca,Que tipo de arte?,Quais as especies que ocorrem com maior frequencia,Qual é o seu rendimento mensal?,Quem são os seus compradores de pescado.,Como é transportado o pescado do centro de pesca para vila?,Ja se benificiou de um credito,"Sim sim, de que Instituicao",Tens algum conhecimento sobre a pesca,"Como você analisa a actividade de pesca, hoje e alguns anos atras?",Achas que alguma coisa mudou na actividade pesqueira?,Oque que mudou,Na sua comunidade existe pescadores que usam arpao?,Ja pensou em mudar de arte,Para que arte ja pensou em mudar,Existe alguma meta de captura na pesca,Quais sao os influenciadores sobre o publico-alvo,Qual é OBC que tem maior influencia sobre o publico alvo,Em que incide a influencia,Porque que usam o arpao para capturar garoupas,Existe muitos pescadores que usam este tipo de arte?,Oque é que te impede como barreira a nao deixar usar?,Acha que o publico-alvo tera alguma resistencia sobre abando do uso de arpao na pesca da garoupa.,Como achas para convecer a comunidade a adoptar o novo comportamento da pesca de garoupa,Voce aceitaria a mudar de comportamento para adptar nova regra de pesca,Acha que teria alguma resistência em abandonar a pesca com Arpao,A comunidade tem enfrentado alguma dificuldade na area de pesca?,Falta de credito,Falta de fabrica de gelo,Falta de loja de insumos de pesca,falta de actividades alternativas,Como residente desta comunidade oque voce acha se implantassem a campanha de sensibilização sobre o meio sustentavel dos recursos,E os outros pescadores e moradores se sugerissemos o abandono do uso de arpao na pesca por uma outra aceitariam?,Qual seria a arte mais adequada,"Na sua comunidade existem ONG´s, grupos de pessoas ou lideres que vela na sua forma de pescar?",Tem alguma opiniao sobre quem deveria implementar a campanha de sensibilização nesta comunidade?,"Se sim, quem sao",Quais saos as dificuldades que a comunidade enfrenta no seu dia a dia,Como voces lidam com os problemas que afectam a comunidade?,Voce acha que as quantidade de pescado nos ultimos 5 anos esta a dimunuir ou a aumentar?,Copy of Porque,A mudança proposta pelo projecto pode trazer benefícios aos pescadores e à comunidade,Tem vias mais importantes para obter informacoes importantes?,Quais as instituicoes ou ONG que tem maior ligacao com pescadores e a comunidade,Quais as OBCs com maior ligacao na comunidade,Nome do entrevistador,Quais sao os problemas (priorizadas) que acfetam a comunidade pesqueira para nao aceitar a mudança de comportamento?,Form's Doc,Form Source,Form Created,Form's ID, 
1, ,1,Honorio Manjor, ,Linha de base antes da campanha,M,30 - 50 anos,Solteiro,Nao,Mais de 5 anos,5 a 8 Classe,Conselho Comunitario de Pesca-CCP,Comercialização, , , ,Nenhum, , , , , , , , , , ,Sim,Boa,Sim,Escaces de pescado,Sim, , , ,Chefe de povoacao,CCP,Modo de pesca; Especie a ser capturadas, , , ,Nao,Facil,Sim,Sim,Sim, , , , , , , ,Não,Sim, ,Falta de agua potavel; Via de acesso; Corrente electrica; Unidade sanitaria; Escola de materia convensional,Dificil,Diminuir,Sobrepesca; Nao ha veda; Pesca sem material em condicoes,Nao sabe,Lideres, , , ,Falta de linha de credito,1,honorio,2/23/2018 14:46,v0f6-16c4-tdv, 
2,2,2,Honorio Manjor,12-Dec-17,Linha de base antes da campanha,M,18 - 30 anos,Solteiro,Nao,Entre 2 a 3 anos,1 a 4 Classe,Nenhum,Pesca,De 5 a 10 anos,Tio,Sim,Linha de Mao,Mar aberto,Sim,Não, ,Serra,10 a 25 kg de peixe,Comerciante revendedor,Chapa 100,Nao, ,Nao,Razoavel,Não, , , , , , , , , , , , , , , , , , , , , , , ,Sim,Sim,CCP,Falta de agua potavel; Via de acesso; Unidade sanitaria; Escola de materia convensional; Transporte,Dificil,Diminuir,Sobrepesca,Nao sabe,Governo,Grupo de trabalho de AGC+ARR,Grupo de trabalho de AGC+ARR, ,Falta de linha de credito,1,honorio,2/23/2018 15:17,ynx9-g6cc-d09, 
3, ,3,Honorio Manjor, ,Linha de base antes da campanha,M,30 - 50 anos,Solteiro,Emigrante,Mais de 5 anos,11 a 12 Classe,Conselho Comunitario de Pesca-CCP,Pesca,De 0 a 5 anos,Amigo,Nao, ,Mar aberto,Nao,Não, ,Garoupa,10 a 25 kg de peixe,Consumidor local,Chapa 100,Nao, ,Nao,Razoavel,Não,Nao sabe,Sim,Nao, ,Nao,Regulo,CCP,Especie a ser capturadas,falta de material de pesca,5 a 10,Falta de insumos,Sim,Dificil,Sim,Nao,Sim,Sim,Sim, , ,Boa,Nao sabe,Linha,Sim,Sim,Grupo de trabalho da AGC+ARR,Falta de agua potavel; Via de acesso; Unidade sanitaria; Escola de materia convensional,Dificil,Diminuir,Sobrepesca,Sim,Lideres, ,Grupo de trabalho de AGC+ARR,13-Dec-17, ,1,,2/23/2018 16:41,wx4h-06cx-dr5, 
4, ,4,Honorio Manjor,12-Dec-17,Linha de base antes da campanha,M,30 - 50 anos,Solteiro,Sim, ,1 a 4 Classe,Conselho Comunitario de Pesca-CCP,Pesca,De 5 a 10 anos,Amigo,Nao,Linha de Mao,Mar aberto,Sim,Não, ,Serra,10 a 25 kg de peixe,Comerciante revendedor,Chapa 100,Nao, ,Nao,Razoavel,Sim,Escaces de pescado,Sim,Nao, ,Nao,Chefe de povoacao,CCP,Tipo de arte,falta de material de pesca,10 a 15,Falta de insumos,Sim,Facil,Sim,Nao,Sim,Sim,Sim,Sim,Sim,Boa,Nao sabe,Linha,Não sabe,Sim,CCP,Falta de agua potavel,Critico,Diminuir,Sobrepesca,Nao sabe,Lideres, , , , ,1,Honorio,2/24/2018 9:36,yvcm-y6kj-d1r, 
5, ,5,Honorio Manjor,12-Dec-17,Linha de base antes da campanha,M,30 - 50 anos,Solteiro,Sim, ,Nunca,Nenhum,Pesca,Mais de 10 anos,Pai,Sim,Emalhe de superficie,Estuario,Nao,Não, ,Serra,50 a 100 kg de peixe,Consumidor local,Chapa 100,Nao, ,Sim,Razoavel,Sim,Escaces de pescado,Sim,Sim,Para Linha,Nao,Chefe de povoacao,CCP,Especie a ser capturadas,Habito,10 a 15,Tradição,Sim,Dificil,Sim,Sim,Sim,Sim,Sim, , ,Normal,Nao sabe,Linha,Sim, , ,Falta de agua potavel; Via de acesso; Corrente electrica; Unidade sanitaria; Transporte,Critico,Diminuir,Sobrepesca,Sim,CCP, , , , ,1,,2/24/2018 9:48,7vv6-m6kj-d68, 
6, ,6,Edgar Massuanganha,12-Dec-17,Linha de base antes da campanha,F,30 - 50 anos,Solteiro,Nao,Entre 2 a 3 anos,1 a 4 Classe,Nenhum,Outra, , , , , , , , , , , , , , ,Nao, ,Sim,Mau tempo,Sim, , , ,Chefe de povoacao,CCP,Tipo de arte, , , , ,Dificil,Nao sabe,Nao sabe,Sim,Sim,Sim,Sim, ,Normal,Nao sabe,Nao sabe,Sim,Nao, ,Falta de agua potavel; Via de acesso; Unidade sanitaria; Transporte,Critico,Diminuir,Esforco de pesca; Pesca sem material em condicoes,Nao sabe,Lideres, , , , ,1,,2/24/2018 10:11,4v3k-v6ky-dwv, 
7, ,7,Edgar Massuanganha,12-Dec-18,Linha de base antes da campanha,M,30 - 50 anos,Solteiro,Sim, ,Nunca,Poupanca Credito Rotativo - PCR,Pesca,De 5 a 10 anos,Avo,Sim,Linha de Mao,Mar aberto,Sim,Sim,Emalhe de superficie,Serra,25 a 50 kg de peixe,Comerciante revendedor,Chapa 100,Nao, ,Sim,Razoavel,Sim,Escaces de pescado,Sim, ,Nenhum,Nao,Chefe de povoacao,CCP,Tipo de arte, ,5 a 10, ,Nao,Facil,Sim,Nao,Sim, ,Sim,Sim, ,Boa,Nao,Linha,Sim,Nao, ,Falta de agua potavel; Via de acesso; Corrente electrica; Unidade sanitaria; Transporte; Bomba de abastecimento; Sistema de frio para conservação de pescado; Insumos de pesca.,Critico,Diminuir,Esforco de pesca,Nao sabe,Lideres, , , , ,1,,2/24/2018 11:04,dvn6-m6ky-dmf, 
8, ,8,Edgar Massuanganha,12-Dec-18,Linha de base antes da campanha,M,30 - 50 anos,Solteiro,Sim,Menos de 1 ano,1 a 4 Classe,Conselho Comunitario de Pesca-CCP,Pesca,Mais de 10 anos,Avo,Sim,Linha de Mao,Mar aberto,Nao,Sim,Palangre,Serra,25 a 50 kg de peixe,Consumidor local,Chapa 100,Nao, ,Sim,Razoavel,Sim,Disponibilidade de insumos de pesca,Sim,Nao,Nenhum,Nao,Chefe de povoacao,CCP,Especie a ser capturadas,Habito,15 a 20,Nao sabe,Nao,Facil,Sim,Sim,Sim,Sim,Sim,Sim, ,Boa,Nao sabe,Linha,Sim,Sim,Grupo de trabalho da AGC+ARR,Falta de agua potavel; Via de acesso; Unidade sanitaria; Escola de materia convensional,Critico,Diminuir,Nao ha veda,Sim,Op. Turisticos, , , , ,1,,2/24/2018 11:22,yv2n-16k2-ddm, 
9, ,9,Edgar Massuanganha,12-Dec-17,Linha de base antes da campanha,M,18 - 30 anos,Solteiro,Nao,Mais de 5 anos,1 a 4 Classe,Conselho Comunitario de Pesca-CCP,Outra, , , , , , , , , , , , , , , , , , , , , , , , , , , , , ,Facil,Sim,Nao sabe,Sim,Sim,Nao,Nao, ,Mau,Sim,Linha,Sim,Sim,Lideres locais,Falta de agua potavel; Via de acesso; Unidade sanitaria; Insumos de pesca.,Critico,Diminuir,Sobrepesca,Nao sabe,Lideres, , , , ,1,,2/24/2018 11:43,hvr8-d6k2-djt, 
10, ,10,Edgar Massuanganha,12-Dec-17,Linha de base antes da campanha,M,30 - 50 anos,Solteiro,Sim,Entre 2 a 3 anos,1 a 4 Classe,Conselho Comunitario de Pesca-CCP,Pesca,De 5 a 10 anos,Amigo,Sim,Linha de Mao,Mar aberto,Nao,Sim,Palangre,Carapau,0 a 10 kg de peixe,Consumidor local,Chapa 100,Nao, ,Sim,Razoavel,Sim,Escaces de pescado,Sim,Sim,Para Arpao,Nao,Chefe de povoacao,CCP,Tipo de arte,falta de material de pesca,5 a 10,Falta de insumos,Nao,Facil,Sim,Nao,Sim,Sim,Sim,Sim,Nao,Boa,Sim,Linha,Sim,Sim,CCP,Falta de agua potavel; Via de acesso; Corrente electrica; Unidade sanitaria,Dificil,Diminuir,Esforco de pesca; Sobrepesca,Sim,Lideres, , , , ,1,,2/24/2018 16:54,wvjv-46k1-d66, 
11, ,11,Honorio Manjor,12-Dec-17,Linha de base antes da campanha,M,30 - 50 anos,Solteiro,Sim, ,Nunca,Grupo de Trabalho AGC+ARR,Pesca,Mais de 10 anos,Amigo,Sim,Linha de Mao,Mar aberto,Nao,Não, ,Serra,10 a 25 kg de peixe,Comerciante revendedor,Chapa 100,Nao, ,Nao,Mau,Sim,Escaces de pescado,Nao,Nao, ,Nao,Chefe de povoacao,CCP,Tipo de arte,Fabrico caseiro,5 a 10,Nao sabe,Sim,Dificil,Sim,Nao,Sim,Sim,Sim,Sim, ,Boa,Sim,Linha,Não sabe,Nao, ,Falta de agua potavel; Via de acesso; Unidade sanitaria,Dificil,Diminuir,Sobrepesca,Nao sabe,Lideres, , , , ,1,honorio,2/24/2018 21:18,kn24-36p6-drr, 
12, ,12,Honorio Manjor,12-Dec-17,Linha de base antes da campanha,F,18 - 30 anos,Solteiro,Nao,Entre 2 a 3 anos,Nunca,Nenhum,Comercialização, , ,Nao,Nenhum, , , , , , ,Comerciante revendedor,Chapa 100,Nao, ,Sim,Mau,Sim,Escaces de pescado,Sim,Nao, ,Nao,Chefe de povoacao,CCP,Tipo de arte, , , ,Nao,Normal,Sim, ,Sim,Sim,Sim,Sim, ,Boa,Sim,Linha,Não sabe,Nao, ,Falta de agua potavel; Via de acesso; Corrente electrica; Unidade sanitaria; Sistema de frio para conservação de pescado,Critico,Diminuir,Sobrepesca; Nao ha veda; Pesca nas rochas,Sim,Governo, , , , ,1,,2/24/2018 21:29,mn8n-n6pp-drg, 
13, ,13,Edgar Massuanganha,12-Dec-17,Linha de base antes da campanha,M,18 - 30 anos,Solteiro,Sim, ,1 a 4 Classe,Conselho Comunitario de Pesca-CCP,Pesca,De 0 a 5 anos,Pai,Nao,Linha de Mao,Nas rochas,Nao,Não, ,Carapau,25 a 50 kg de peixe,Comerciante revendedor,Chapa 100,Nao, ,Sim,Razoavel,Sim,Escaces de pescado,Sim,Nao,Nenhum,Nao,Chefe de povoacao,CCP,Modo de pesca,Habito,5 a 10,Tradição,Sim,Facil,Sim,Nao sabe,Sim,Sim,Sim,Sim, ,Boa,Sim,Linha,Não sabe,Sim,CCP,Falta de agua potavel,Normal,Diminuir,Sobrepesca; Nao ha veda,Nao sabe,Governo,Grupo de trabalho de AGC+ARR,PCR, , ,1,,2/24/2018 21:41,hn0r-n6pp-dmh, 
14, ,14,Edgar Massuanganha,12-Dec-17,Linha de base antes da campanha,M,30 - 50 anos,Solteiro,Nao,Mais de 5 anos,Nunca,Poupanca Credito Rotativo - PCR,Pesca,De 5 a 10 anos,Tio,Sim,Emalhe de superficie,Estuario,Nao,Não, ,Carapau,50 a 100 kg de peixe,Comerciante revendedor,Chapa 100,Nao, ,Sim,Razoavel,Sim,Disponibilidade de insumos de pesca,Sim,Sim,Para Linha,Nao,Chefe de P.A,CCP,Modo de pesca,Habito,5 a 10,Nao sabe,Sim,Facil,Sim,Nao sabe,Sim,Sim,Sim,Sim, ,Normal,Sim,Linha,Não,Sim,Grupo de trabalho da AGC+ARR,Falta de agua potavel; Via de acesso; Corrente electrica; Unidade sanitaria,Dificil,Diminuir,Sobrepesca; Nao ha veda; Pesca no coral,Nao,Lideres, , , , ,1,,2/24/2018 21:55,2njh-66pp-dy5, 
15, ,15,Honorio Manjor,12-Dec-17,Linha de base antes da campanha,M,18 - 30 anos,Solteiro,Sim, ,5 a 8 Classe,Nenhum,Outra, , , , , , , , , , , , , , ,Sim,Razoavel,Sim,Disponibilidade de insumos de pesca,Sim, , ,Sim,Regulo,CCP,Tipo de arte,Fabrico caseiro,5 a 10,Tradição,Nao,Facil,Nao sabe,Sim,Sim,Sim,Sim,Sim, ,Normal,Nao sabe,Emalhe de superficie,Não,Nao, ,Falta de agua potavel; Via de acesso; Unidade sanitaria,Normal,Diminuir,Sobrepesca,Nao,Lideres, , , , ,1,,2/24/2018 22:12,xnmf-76pp-d72, 
16, ,16,Honorio Manjor,12-Dec-18,Linha de base antes da campanha,M,18 - 30 anos,Solteiro,Sim, ,Nunca, , , , , , , , , , , , , , , , , , , , , , , , , , , , , , , , , , , , , , , , , , , , , , , , , , , , , , , ,1,,2/25/2018 0:53,c3p1-76pc-60x, 
17, ,17,Honorio Manjor, ,Linha de base antes da campanha,F,30 - 50 anos,Solteiro,Nao,Entre 2 a 3 anos,Nunca,Conselho Comunitario de Pesca-CCP,Comercialização, , , , , , , , , , ,Consumidor local,Carro particular,Nao, ,Nao,Razoavel,Sim,Escaces de pescado,Nao,Nao,Nenhum,Nao,Chefe de povoacao,Grupo de trabalho de AGC+ARR,Modo de pesca,falta de material de pesca,0 a 5,Falta de insumos,Nao,Dificil,Nao,Nao sabe,Sim,Sim,Sim,Sim, ,Boa,Nao sabe,Linha,Sim,Nao, ,Falta de agua potavel; Via de acesso; Corrente electrica; Unidade sanitaria; Transporte,Critico,Diminuir,Sobrepesca,Nao sabe,Governo, , , , ,1,,2/25/2018 1:43,2hdh-j6hx-6dj, 
18, ,18,Edgar Massuanganha,12-Dec-18,Linha de base antes da campanha,F,18 - 30 anos,Solteiro,Nao,Mais de 5 anos,Nunca, ,Comercialização, , , , , , , , , , , , , , ,Sim,Razoavel,Sim,Escaces de pescado,Nao, , ,Nao,Chefe de povoacao,CCP,Tipo de arte, , , ,Nao,Dificil,Nao sabe,Nao sabe,Sim, ,Sim,Sim, ,Boa,Sim,Linha,Sim,Nao, ,Falta de agua potavel; Via de acesso; Corrente electrica; Unidade sanitaria; Escola de materia convensional; Bomba de abastecimento; Sistema de frio para conservação de pescado,Critico,Diminuir,Sobrepesca,Nao sabe,Lideres, , , , ,1,,2/25/2018 1:55,6h2y-t6hx-68f, 
19, ,19,Edgar Massuanganha,12-Dec-17,Linha de base antes da campanha,M,12 - 18 anos,Solteiro,Sim, ,Nunca,Nenhum,Pesca,De 0 a 5 anos,Primo,Nao,Linha de Mao,Nas rochas,Nao,Não, ,Garoupa,10 a 25 kg de peixe,Turistas,Chapa 100,Nao, ,Nao,Boa,Sim,Escaces de pescado,Sim,Nao, ,Nao,Chefe de povoacao,CCP,Especie a ser capturadas,falta de material de pesca,5 a 10,Nao sabe,Nao,Normal,Sim, ,Sim,Sim,Sim, , ,Boa,Nao sabe,Linha,Não sabe,Sim,Lideres locais,Falta de agua potavel; Via de acesso; Corrente electrica,Normal,Nao sabe, ,Nao sabe,Governo, , , , ,1,,2/25/2018 8:15,vcjy-v6cw-6xn, 
20, ,20,Edgar Massuanganha,12-Dec-17,Linha de base antes da campanha,F,18 - 30 anos,Solteiro,Sim, ,Nunca,Nenhum,Pesca,De 0 a 5 anos,Amigo,Nao,Linha de Mao,Nas rochas,Nao,Não, ,Serra,0 a 10 kg de peixe,Não vende, ,Nao, ,Nao,Boa,Não,Nao sabe,Sim,Nao,Nenhum,Nao,Chefe de povoacao,CCP,Tipo de arte,Muito barrato,10 a 15,Baixo custo,Nao,Dificil,Nao sabe,Nao sabe,Sim,Sim,Sim,Sim, ,Boa,Nao sabe,Nao sabe,Sim,Sim,Grupo de trabalho da AGC+ARR,Falta de agua potavel; Via de acesso; Corrente electrica; Unidade sanitaria; Insumos de pesca.,Dificil,Diminuir,Sobrepesca,Nao sabe,Lideres,Grupo de trabalho de AGC+ARR,Grupo de trabalho de AGC+ARR, , ,1,,2/25/2018 10:46,0c3j-46c9-63k, 
21,21,21,Honorio Manjor,12-Dec-17,Linha de base antes da campanha,F,18 - 30 anos,Solteiro,Sim, ,5 a 8 Classe,Nenhum,Comercialização,De 5 a 10 anos, ,Nao,Nenhum, , , , ,Serra,25 a 50 kg de peixe,Consumidor local; Comerciante revendedor,Chapa 100,Nao, ,Sim,Razoavel,Sim,Escaces de pescado,Nao,Nao,Para Arpao, ,Chefe de povoacao,CCP,Tipo de arte,Muito barrato,0 a 5,Baixo custo,Sim,Dificil,Sim,Nao,Sim,Sim,Sim,Sim,Sim,Boa,Sim,Linha,Não,Nao,Grupo de trabalho da AGC+ARR,Falta de agua potavel; Via de acesso; Unidade sanitaria; Insumos de pesca.,Dificil,Diminuir,Esforco de pesca,Sim,Governo, , , , ,1,honorio,2/25/2018 12:09,4c3f-y6cg-6jx, 
22, ,22,Edgar Massuanganha,12-Dec-17,Linha de base antes da campanha,F,18 - 30 anos,Solteiro,Sim, ,Nunca,Nenhum,Comercialização, , , , , , , , , ,50 a 100 kg de peixe,Comerciante revendedor,Chapa 100,Nao, ,Sim,Razoavel,Sim,Escaces de pescado,Nao, , ,Nao,Regulo,CCP,Tipo de arte, , , ,Sim,Dificil,Sim,Nao,Sim,Sim,Sim,Sim, ,Boa,Nao sabe,Linha,Não,Sim,CCP,Falta de agua potavel; Via de acesso; Unidade sanitaria; Escola de materia convensional,Dificil,Diminuir,Esforco de pesca,Sim,Governo, , , , ,1,,2/25/2018 12:30,0c2p-f6cg-6gn, 
23, ,23,Honorio Manjor,12-Dec-17,Linha de base antes da campanha,M,30 - 50 anos,Solteiro,Nao,Mais de 5 anos,1 a 4 Classe,Poupanca Credito Rotativo - PCR,Pesca,De 5 a 10 anos,Primo,Nao,Linha de Mao,Mar aberto,Nao,Não, ,Serra,25 a 50 kg de peixe,Comerciante revendedor,Chapa 100,Nao, ,Nao,Razoavel,Sim,Escaces de pescado,Sim,Sim, ,Nao,Chefe de povoacao,CCP,Tipo de arte,Habito,5 a 10,Falta de insumos,Nao,Dificil,Sim,Nao,Sim,Sim,Sim,Sim, ,Boa,Nao sabe,Linha,Sim,Nao, ,Falta de agua potavel; Via de acesso; Unidade sanitaria; Escola de materia convensional; Transporte,Critico,Diminuir,Sobrepesca,Sim,Lideres, , , , ,1,,2/25/2018 12:43,jccn-c6c8-6yk, 
24, ,24,Edgar Massuanganha,12-Dec-17,Linha de base antes da campanha,M,18 - 30 anos,Solteiro,Sim,Entre 2 a 3 anos,1 a 4 Classe,Poupanca Credito Rotativo - PCR,Pesca,De 0 a 5 anos,Amigo,Nao,Linha de Mao,Mar aberto,Nao,Não, ,Serra,25 a 50 kg de peixe,Consumidor local,Chapa 100,Nao, ,Sim,Razoavel,Sim,Escaces de pescado,Sim,Nao,Nenhum,Nao,Chefe de povoacao,CCP,Tipo de arte,Muito barrato,0 a 5,Baixo custo,Sim,Facil,Sim,Nao,Sim,Sim,Sim,Sim, ,Boa,Sim,Linha,Sim,Sim,Grupo de trabalho da AGC+ARR,Falta de agua potavel; Via de acesso; Corrente electrica; Unidade sanitaria,Dificil,Diminuir,Sobrepesca,Sim,Lideres, , , , ,1,,2/25/2018 12:50,vc5k-h6c8-6hr, 
25, ,25,Edgar Massuanganha,12-Dec-17,Linha de base antes da campanha,M,30 - 50 anos,Solteiro,Sim, ,1 a 4 Classe,Poupanca Credito Rotativo - PCR,Pesca,Mais de 10 anos,Primo,Sim,Linha de Mao,Mar aberto,Nao,Não, ,Serra,25 a 50 kg de peixe,Não vende,Carro particular,Nao, ,Sim,Razoavel,Sim,Escaces de pescado,Sim,Nao,Para Linha,Nao,Chefe de povoacao,CCP,Tipo de arte,Habito,10 a 15,Falta de insumos,Sim,Dificil,Sim,Nao,Sim,Sim,Sim,Sim,Nao,Boa,Sim,Linha,Sim,Sim,CCP,Falta de agua potavel; Via de acesso; Unidade sanitaria; Escola de materia convensional; Transporte,Dificil,Diminuir,Sobrepesca,Sim,Lideres,Grupo de trabalho de AGC+ARR,Grupo de trabalho de AGC+ARR, , ,1,,2/25/2018 13:29,nck7-66c8-6fg, 
26, ,26,Edgar Massuanganha,12-Dec-17,Linha de base antes da campanha,M,18 - 30 anos,Solteiro,Nao,Mais de 5 anos,1 a 4 Classe,Poupanca Credito Rotativo - PCR,Pesca,De 5 a 10 anos,Tio,Nao,Linha de Mao,Mar aberto,Nao,Não, ,Serra,10 a 25 kg de peixe,Consumidor local,Chapa 100,Nao, ,Nao,Razoavel,Não,Nao sabe,Sim,Nao, ,Nao,Chefe de povoacao,CCP,Tipo de arte,Habito,10 a 15, ,Sim,Facil,Nao sabe,Nao sabe,Sim,Sim,Sim,Sim, ,Boa,Sim,Linha,Sim,Sim,Lideres locais,Falta de agua potavel; Via de acesso; Unidade sanitaria; Escola de materia convensional,Dificil,Diminuir,Sobrepesca,Sim,Lideres,Grupo de trabalho de AGC+ARR,Grupo de trabalho de AGC+ARR, , ,1,,2/25/2018 13:38,6cxt-16c8-6hh, 
27, ,27,Honorio Manjor,12-Dec-17,Linha de base antes da campanha,M,18 - 30 anos,Solteiro,Sim, ,Nunca,Conselho Comunitario de Pesca-CCP,Pesca,Mais de 10 anos,Amigo,Nao,Linha de Mao,Mar aberto,Sim,Não, ,Garoupa,10 a 25 kg de peixe,Consumidor local,Chapa 100,Nao, ,Nao,Razoavel,Não,Escaces de pescado,Sim,Nao, ,Nao,Chefe de povoacao,CCP,Tipo de arte,Fabrico caseiro,0 a 5, ,Sim,Nao sabe,Nao sabe,Nao,Sim,Sim,Sim,Sim, ,Boa,Sim,Linha,Não sabe,Nao, ,Falta de agua potavel; Via de acesso; Corrente electrica; Unidade sanitaria; Transporte,Dificil,Diminuir,Sobrepesca,Sim,CCP, , , , ,1,,2/25/2018 13:47,9cfp-t6c8-6y5, 
28, ,28,Honorio Manjor,12-Dec-18,Linha de base antes da campanha,M,30 - 50 anos,Solteiro,Emigrante,Mais de 5 anos,Nunca,Conselho Comunitario de Pesca-CCP,Pesca,De 5 a 10 anos,Primo,Nao,Linha de Mao,Mar aberto,Nao,Não, ,Serra,10 a 25 kg de peixe,Consumidor local,Chapa 100,Nao, ,Sim,Razoavel,Não,Escaces de pescado,Sim,Nao, ,Nao,Chefe de povoacao,CCP,Especie a ser capturadas,Muito barrato,5 a 10,Falta de insumos,Nao,Facil,Nao,Sim,Sim,Sim,Sim,Sim,Nao,Boa,Nao sabe,Linha,Não,Nao, ,Falta de agua potavel; Via de acesso; Corrente electrica,Normal,Diminuir,Sobrepesca,Nao sabe,CCP,Grupo de trabalho de AGC+ARR,Grupo de trabalho de AGC+ARR, , ,1,,2/25/2018 14:07,fc6k-26ch-6df, 
29, ,29,Honorio Manjor,12-Dec-17,Linha de base antes da campanha,M,18 - 30 anos,Solteiro,Nao,Mais de 5 anos,11 a 12 Classe,Nenhum,Outra, , , , , , , , , , , , , , ,Nao, , , ,Sim, , ,Nao,Chefe de povoacao,CCP,Tipo de arte,falta de material de pesca,5 a 10, ,Sim,Facil,Nao sabe,Nao sabe,Sim,Sim,Sim,Sim, ,Boa,Sim,Linha,Não,Sim,CCP,Via de acesso; Unidade sanitaria; Escola de materia convensional,Dificil,Diminuir,Sobrepesca,Nao sabe,CCP,Grupo de trabalho de AGC+ARR,Grupo de trabalho de AGC+ARR, , ,1,,2/25/2018 20:03,dcm6-86cy-671, 
30, ,30,Honorio Manjor,12-Dec-18,Linha de base antes da campanha,F,18 - 30 anos,Solteiro,Nao,Mais de 5 anos,1 a 4 Classe,Nenhum,Pesca,De 5 a 10 anos,Amigo,Nao,Linha de Mao,Mar aberto,Nao,Não, ,Serra,10 a 25 kg de peixe,Consumidor local,Chapa 100,Nao, ,Nao,Razoavel,Sim, ,Sim,Nao, ,Nao,Chefe de povoacao,CCP,Tipo de arte,Fabrico caseiro,0 a 5,Nao sabe,Nao,Normal,Sim,Nao,Sim,Sim,Sim,Sim, ,Boa,Sim,Linha,Não,Sim,Co-gestao,Via de acesso; Unidade sanitaria,Critico,Diminuir,Esforco de pesca,Nao sabe,Governo,Grupo de trabalho de AGC+ARR,Grupo de trabalho de AGC+ARR, , ,1,,2/25/2018 20:15,rcvx-r6c2-69d, 
31, ,31,Edgar Massuanganha, ,Linha de base antes da campanha,M,18 - 30 anos,Solteiro,Sim, ,5 a 8 Classe,Conselho Comunitario de Pesca-CCP,Pesca,De 0 a 5 anos,Primo,Nao, ,Nas rochas,Nao,Não, ,Serra,0 a 10 kg de peixe, ,Chapa 100,Nao, ,Nao, , , , , , , , , , , , , , , , , , , , , , , , , , , , , , , , , , , , , , ,1,,2/25/2018 20:41,hcw8-x6c2-66p, 
32, ,32,Honorio Manjor,12-Dec-17,Linha de base antes da campanha,M,18 - 30 anos,Solteiro,Nao,Mais de 5 anos,Nunca,Conselho Comunitario de Pesca-CCP,Pesca,De 0 a 5 anos,Tio,Nao,Arpao,Nas rochas,Nao,Não, ,Garoupa,10 a 25 kg de peixe,Consumidor local,Chapa 100,Nao, ,Nao,Boa,Não,Nao sabe,Sim,Nao, ,Nao,Chefe de povoacao,CCP,Tipo de arte,Habito,5 a 10,Falta de insumos,Nao,Facil,Sim,Nao,Sim,Sim,Sim,Sim, ,Normal,Sim,Linha,Não,Sim,Grupo de trabalho da AGC+ARR,Via de acesso; Unidade sanitaria; Escola de materia convensional,Dificil,Diminuir,Esforco de pesca,Nao sabe,Lideres,Grupo de trabalho de AGC+ARR,Grupo de trabalho de AGC+ARR, , ,1,honorio,2/26/2018 2:48,g50k-g6ht-6c3, 
33, ,33,Edgar Massuanganha,12-Dec-17,Linha de base antes da campanha,M,18 - 30 anos,Solteiro,Sim, ,Nunca,Nenhum,Pesca,De 5 a 10 anos,Amigo,Nao,Linha de Mao,Mar aberto,Nao,Não, ,Serra,10 a 25 kg de peixe,Consumidor local,Chapa 100,Nao, ,Sim,Mau,Sim,Escaces de pescado,Sim,Sim,Para Linha,Nao,Chefe de povoacao,CCP,Tipo de arte,Habito,5 a 10,Falta de insumos,Nao,Facil,Sim,Nao,Sim,Sim,Sim,Sim,Nao,Boa,Sim,Linha,Sim,Sim,Grupo de trabalho da AGC+ARR,Falta de agua potavel; Via de acesso; Unidade sanitaria,Dificil,Diminuir,Sobrepesca,Sim,Lideres,Grupo de trabalho de AGC+ARR,Grupo de trabalho de AGC+ARR, , ,1,,2/26/2018 2:57,g5p9-86ht-6tw, 
34, ,34,Edgar Massuanganha,12-Dec-17,Linha de base antes da campanha,M,18 - 30 anos,Solteiro,Sim, ,Nunca,Conselho Comunitario de Pesca-CCP,Pesca,Mais de 10 anos,Amigo,Sim,Linha de Mao,Mar aberto,Nao,Não, ,Serra,25 a 50 kg de peixe,Comerciante revendedor,Chapa 100,Nao, ,Sim,Razoavel,Sim,Escaces de pescado,Sim,Nao,Nenhum,Nao,Chefe de povoacao,CCP,Tipo de arte,Muito barrato,10 a 15,Falta de insumos,Sim,Dificil,Sim,Sim,Sim,Sim,Sim,Sim, ,Boa,Sim,Linha,Sim,Sim,CCP,Falta de agua potavel; Via de acesso; Corrente electrica; Unidade sanitaria,Dificil,Diminuir,Esforco de pesca; Sobrepesca,Sim,Lideres,Grupo de trabalho de AGC+ARR,Grupo de trabalho de AGC+ARR, , ,1,,2/26/2018 3:04,8588-d6ht-6r9, 
35, ,35,Honorio Manjor,12-Dec-17,Linha de base antes da campanha,F,18 - 30 anos,Solteiro,Sim, ,Nunca,Conselho Comunitario de Pesca-CCP,Comercialização, , , , , , , , ,Serra,50 a 100 kg de peixe,Comerciante revendedor,Chapa 100,Nao, ,Sim,Razoavel,Sim,Escaces de pescado,Sim,Nao,Para Arpao,Nao,Chefe de povoacao,Grupo de trabalho de AGC+ARR,Especie a ser capturadas,Habito,5 a 10,Falta de insumos,Sim,Facil,Sim,Nao sabe,Sim,Sim,Sim,Sim,Nao,Boa,Sim,Linha,Sim,Sim,CCP,Falta de agua potavel; Via de acesso; Unidade sanitaria,Dificil,Diminuir,Esforco de pesca; Sobrepesca; Nao ha veda; Pesca nas rochas,Sim,Governo,Grupo de trabalho de AGC+ARR,Grupo de trabalho de AGC+ARR, , ,1,,2/26/2018 3:13,c5n5-66ht-6d8, 
36, ,36,Honorio Manjor,12-Dec-17,Linha de base antes da campanha,M,18 - 30 anos,Solteiro,Nao,Mais de 5 anos,Nunca,Conselho Comunitario de Pesca-CCP,Pesca,De 5 a 10 anos,Pai,Sim,Linha de Mao,Mar aberto,Nao,Não,Linha de mao,Serra,50 a 100 kg de peixe,Consumidor local; Comerciante revendedor,Chapa 100,Nao, ,Sim,Razoavel,Sim,Escaces de pescado,Sim,Nao,Nenhum,Nao,Chefe de povoacao,CCP,Tipo de arte,Fabrico caseiro,5 a 10,Falta de insumos,Nao,Facil,Sim,Nao,Sim,Sim,Sim,Sim,Nao,Boa,Nao,Emalhe de superficie,Sim,Sim,Grupo de trabalho da AGC+ARR,Falta de agua potavel; Via de acesso; Corrente electrica; Unidade sanitaria,Normal,Diminuir,Sobrepesca,Sim,Governo,Grupo de trabalho de AGC+ARR,Grupo de trabalho de AGC+ARR, , ,1,,2/26/2018 3:21,55g2-p6ht-6kv, 
37, ,37,Honorio Manjor,12-Dec-17,Linha de base antes da campanha,M,18 - 30 anos,Solteiro,Sim, ,5 a 8 Classe,Conselho Comunitario de Pesca-CCP,Pesca,De 5 a 10 anos,Pai,Nao,Arpao,Estuario,Nao,Não, ,Serra,10 a 25 kg de peixe,Consumidor local,Carro particular,Nao, ,Sim,Razoavel,Não,Boa Produçao,Sim,Nao,Nenhum,Nao,Chefe de povoacao,Grupo de trabalho de AGC+ARR,Tipo de arte,Fabrico caseiro,5 a 10,Nao sabe,Sim,Facil,Sim,Sim,Sim,Sim,Sim,Sim,Nao,Boa,Nao sabe,Linha,Sim,Sim,Grupo de trabalho da AGC+ARR,Falta de agua potavel; Via de acesso; Unidade sanitaria; Transporte,Critico,Diminuir,Esforco de pesca; Sobrepesca,Sim,Governo,Grupo de trabalho de AGC+ARR,Grupo de trabalho de AGC+ARR, , ,1,,2/26/2018 3:31,55y1-06ht-6rj, 
38, ,38,Honorio Manjor,12-Dec-17,Linha de base antes da campanha,M,18 - 30 anos,Solteiro,Emigrante,Entre 2 a 3 anos,Nunca,Conselho Comunitario de Pesca-CCP,Pesca,Mais de 10 anos,Avo,Sim,Linha de Mao,Mar aberto,Nao,Não, ,Serra,25 a 50 kg de peixe,Consumidor local; Comerciante revendedor,Chapa 100,Nao, ,Sim,Razoavel,Sim,Escaces de pescado,Sim,Sim, ,Sim,Chefe de povoacao,CCP,Modo de pesca,Muito barrato,10 a 15,Falta de insumos,Sim,Facil,Sim,Sim,Sim,Sim,Sim,Sim,Nao,Boa,Sim,Linha,Sim,Sim,CCP,Falta de agua potavel; Via de acesso; Unidade sanitaria,Normal,Diminuir,Esforco de pesca; Sobrepesca,Sim,Lideres,Grupo de trabalho de AGC+ARR,Grupo de trabalho de AGC+ARR, , ,1,,2/26/2018 3:41,h5y6-j6ht-652, 
39, ,39,Edgar Massuanganha,12-Dec-17,Linha de base antes da campanha,M,18 - 30 anos,Solteiro,Sim, ,Nunca,Conselho Comunitario de Pesca-CCP,Pesca,De 5 a 10 anos,Amigo,Sim,Linha de Mao,Mar aberto,Nao,Não, ,Serra,10 a 25 kg de peixe,Comerciante revendedor,Chapa 100,Nao, ,Sim,Razoavel,Sim,Escaces de pescado,Sim,Nao,Para Linha,Nao,Chefe de povoacao,CCP,Tipo de arte,Fabrico caseiro,5 a 10,Falta de insumos,Nao,Facil,Sim,Sim,Sim,Sim,Sim,Sim,Nao,Boa,Sim,Linha,Sim,Sim,Grupo de trabalho da AGC+ARR,Falta de agua potavel; Via de acesso; Unidade sanitaria; Escola de materia convensional,Dificil,Diminuir,Esforco de pesca; Sobrepesca,Nao,Governo,PCR,PCR, , ,1,,2/26/2018 3:56,05d0-76hd-6k7, 
40, ,40,Honorio Manjor,12-Dec-17,Linha de base antes da campanha,M,18 - 30 anos,Solteiro,Sim, ,Nunca,Conselho Comunitario de Pesca-CCP,Pesca,De 5 a 10 anos,Amigo,Sim,Linha de Mao,Mar aberto,Sim,Não, ,Serra, , ,Chapa 100,Nao, ,Sim,Muito boa,Sim,Escaces de pescado,Sim,Nao, ,Nao,Chefe de povoacao,Grupo de trabalho de AGC+ARR,Modo de pesca; Tipo de arte,Muito barrato,5 a 10,Baixo custo,Sim,Dificil,Sim,Sim,Sim,Sim,Sim,Sim,Nao,Normal,Sim,Linha,Sim,Sim,CCP,Falta de agua potavel; Via de acesso; Corrente electrica; Unidade sanitaria,Dificil,Diminuir,Sobrepesca,Sim,Governo,Grupo de trabalho de AGC+ARR,Grupo de trabalho de AGC+ARR, , ,1,,2/26/2018 4:07,t5kw-v6hd-6y1, 
41, ,41,Honorio Manjor,12-Dec-17,Linha de base antes da campanha,M,30 - 50 anos,Solteiro,Nao,Mais de 5 anos,Nunca,Poupanca Credito Rotativo - PCR,Pesca,Mais de 10 anos,Aprendeu Sozinho,Nao,Arpao,Recife de corais,Sim,Sim,Linha de mao,Serra,10 a 25 kg de peixe,Consumidor local; Comerciante revendedor; Turistas,Chapa 100,Nao, ,Sim,Razoavel,Não,Nao sabe,Sim,Nao,Nenhum,Nao,Chefe de povoacao,CCP,Tipo de arte; Especie a ser capturadas,Muito barrato,10 a 15,Falta de insumos,Sim,Facil,Sim,Nao,Sim,Sim,Sim,Sim,Nao,Boa,Nao sabe,Linha,Sim,Sim,Co-gestao,Falta de agua potavel; Via de acesso; Corrente electrica; Unidade sanitaria; Escola de materia convensional; Bomba de abastecimento,Dificil,Diminuir,Esforco de pesca; Sobrepesca,Sim,Governo, , , , ,1,,2/26/2018 8:23,p59y-d6h4-69d, 
42, ,42,Honorio Manjor,12-Dec-17,Linha de base antes da campanha,M,30 - 50 anos,Solteiro,Nao,Mais de 5 anos,1 a 4 Classe,Nenhum,Outra, , , , , , , , , , , , , , , , , , , , , , ,Chefe de povoacao,CCP,Modo de pesca; Especie a ser capturadas, , , ,Nao,Facil,Sim,Nao,Sim,Sim,Sim,Sim, ,Boa,Sim,Linha,Não,Nao, ,Falta de agua potavel; Via de acesso; Corrente electrica; Unidade sanitaria; Escola de materia convensional,Dificil,Diminuir,Esforco de pesca; Sobrepesca,Sim,Lideres, , , , ,1,,2/26/2018 8:55,j52c-76hc-p8p, 
43, ,43,Honorio Manjor,12-Dec-17,Linha de base antes da campanha,M,30 - 50 anos,Solteiro,Sim, ,Nunca,Conselho Comunitario de Pesca-CCP,Pesca,Mais de 10 anos,Tio,Nao,Linha de Mao,Mar aberto,Nao,Não, ,Carapau,25 a 50 kg de peixe,Turistas,Chapa 100,Nao, ,Sim,Razoavel,Não,Escaces de pescado,Sim,Nao, ,Nao,Chefe de povoacao,CCP,Tipo de arte; Especie a ser capturadas,Habito,5 a 10,Nao sabe,Sim,Dificil,Sim,Nao,Sim,Sim,Sim,Sim,Nao,Boa,Sim,Linha,Sim,Sim,CCP,Falta de agua potavel; Corrente electrica; Unidade sanitaria; Escola de materia convensional; Transporte,Dificil,Diminuir,Esforco de pesca; Sobrepesca,Sim,Governo,Grupo de trabalho de AGC+ARR,Grupo de trabalho de AGC+ARR, , ,1,,2/26/2018 9:02,rjnn-x6hc-p7c, 
44, ,44,Honorio Manjor,12-Dec-17,Linha de base antes da campanha,M,30 - 50 anos,Solteiro,Sim, ,1 a 4 Classe,Conselho Comunitario de Pesca-CCP; Poupanca Credito Rotativo - PCR,Pesca,Mais de 10 anos,Avo,Nao,Arpao,Recife de corais,Sim,Sim,Linha de mao,Serra,10 a 25 kg de peixe,Consumidor local,Chapa 100,Nao, ,Sim,Razoavel,Sim,Mau tempo,Sim,Nao,Nenhum,Nao,Chefe de povoacao,CCP,Tipo de arte; Especie a ser capturadas,Muito barrato,5 a 10,Falta de insumos,Sim,Facil,Sim,Sim,Sim,Sim,Sim,Sim,Nao,Boa,Sim,Linha,Não,Sim,CCP,Falta de agua potavel; Via de acesso; Corrente electrica; Unidade sanitaria; Escola de materia convensional; Transporte; Bomba de abastecimento,Critico,Diminuir,Esforco de pesca; Sobrepesca,Sim,Governo,Grupo de trabalho de AGC+ARR,Grupo de trabalho de AGC+ARR, , ,1,,2/26/2018 9:08,wjnk-06hc-pf0, 
45, ,45,Honorio Manjor,12-Dec-17,Linha de base antes da campanha,M,30 - 50 anos,Solteiro,Sim, ,5 a 8 Classe,Conselho Comunitario de Pesca-CCP; Poupanca Credito Rotativo - PCR,Pesca,Mais de 10 anos,Amigo,Nao,Arpao; Emalhe de superficie,Mar aberto,Sim,Sim,Linha de mao,Serra,25 a 50 kg de peixe,Consumidor local; Comerciante revendedor,Chapa 100,Nao, ,Sim,Boa,Não,Boa Produçao,Sim,Nao, ,Nao,Chefe de povoacao,CCP,Tipo de arte; Especie a ser capturadas,Habito,10 a 15,Baixo custo,Nao,Facil,Sim,Nao,Sim,Sim,Sim,Sim,Nao,Normal,Sim,Linha,Sim,Sim,CCP,Falta de agua potavel; Via de acesso; Corrente electrica; Unidade sanitaria,Dificil,Diminuir,Esforco de pesca,Nao,Lideres,PCR,Grupo de trabalho de AGC+ARR, , ,1,,2/26/2018 9:13,wjxr-06hc-p83, 
46, ,46,Honorio Manjor,12-Dec-17,Linha de base antes da campanha,M,18 - 30 anos,Solteiro,Sim, ,Nunca,Nenhum,Outra, , , , , , , , , , , , , , , , , , , , , , ,Regulo,CCP,Modo de pesca; Especie a ser capturadas, , , ,Sim,Dificil,Nao sabe,Nao sabe,Sim,Sim,Sim,Sim, ,Boa,Sim,Linha,Não sabe,Nao, ,Falta de agua potavel; Via de acesso; Corrente electrica; Unidade sanitaria,Dificil,Diminuir,Esforco de pesca; Sobrepesca; Nao ha veda,Sim,Lideres, , , , ,1,,2/26/2018 9:22,6jdg-d6hc-prw, 
47,47,47,Honorio Manjor,12-Dec-17,Linha de base antes da campanha,M,18 - 30 anos,Solteiro,Nao,Mais de 5 anos,5 a 8 Classe,Poupanca Credito Rotativo - PCR,Pesca,De 5 a 10 anos,Avo,Nao,Linha de Mao,Mar aberto,Sim,Não, ,Serra,10 a 25 kg de peixe,Comerciante revendedor,Chapa 100,Nao, ,Nao,Razoavel,Sim,Escaces de pescado,Sim,Nao, ,Nao,Chefe de povoacao,CCP,Tipo de arte,Muito barrato,10 a 15,Falta de insumos,Nao,Dificil,Sim,Nao,Sim,Sim,Sim,Sim,Nao,Boa,Sim,Linha,Não sabe,Sim,Grupo de trabalho da AGC+ARR,Falta de agua potavel; Via de acesso; Corrente electrica; Unidade sanitaria; Escola de materia convensional,Critico,Diminuir,Sobrepesca,Nao,Governo, , , , ,1,,2/26/2018 9:26,cjdh-56hc-py9, 
48, ,48,Honorio Manjor,12-Dec-17,Linha de base antes da campanha,M,18 - 30 anos,Solteiro,Nao,Mais de 5 anos,Nunca,Poupanca Credito Rotativo - PCR,Comercialização, , , , , , , , , , , , , , , , , , , , , , ,Chefe de povoacao,CCP,Tipo de arte,falta de material de pesca,5 a 10,Nao sabe,Nao,Dificil,Sim,Nao,Sim,Sim,Sim,Sim,Nao,Normal,Sim,Linha,Sim,Sim,Grupo de trabalho da AGC+ARR,Falta de agua potavel; Via de acesso; Corrente electrica; Unidade sanitaria,Dificil,Diminuir,Esforco de pesca; Sobrepesca,Sim,Governo, , , , ,1,,2/26/2018 9:34,9jgj-06hc-ph8, 
49, ,49,Edgar Massuanganha,12-Dec-17,Linha de base antes da campanha,M,30 - 50 anos,Solteiro,Nao,Menos de 1 ano,5 a 8 Classe,Conselho Comunitario de Pesca-CCP,Pesca,Mais de 10 anos,Primo,Nao,Linha de Mao,Mar aberto,Nao,Não, ,Garoupa,10 a 25 kg de peixe,Comerciante revendedor,Chapa 100,Nao, ,Sim,Razoavel,Sim,Escaces de pescado,Sim,Nao, ,Nao,Chefe de P.A,CCP,Tipo de arte; Especie a ser capturadas,Muito barrato,5 a 10,Falta de insumos,Nao,Facil,Sim,Nao,Sim,Sim,Sim,Sim,Sim,Boa,Sim,Linha,Não sabe,Sim,Grupo de trabalho da AGC+ARR,Falta de agua potavel; Corrente electrica; Unidade sanitaria; Escola de materia convensional; Transporte,Critico,Diminuir,Esforco de pesca; Sobrepesca; Nao ha veda,Sim,Governo, , , , ,1,,2/26/2018 9:39,4jry-16hc-pnv, 
50, ,50,Edgar Massuanganha,12-Dec-17,Linha de base antes da campanha,M,18 - 30 anos,Solteiro,Nao,Mais de 5 anos,Nunca,Conselho Comunitario de Pesca-CCP,Comercialização, , , , , , , , , , , , , , , , , , , , , , ,Chefe de povoacao,CCP,Modo de pesca; Especie a ser capturadas, ,10 a 15, ,Nao,Facil,Sim,Sim,Sim,Sim,Sim,Sim, ,Boa,Nao sabe,Linha,Sim,Sim,CCP,Falta de agua potavel; Via de acesso; Corrente electrica; Unidade sanitaria; Escola de materia convensional; Transporte,Dificil,Diminuir,Sobrepesca; Nao ha veda,Sim,Governo,Grupo de trabalho de AGC+ARR,Grupo de trabalho de AGC+ARR, , ,1,,2/26/2018 9:45,8jvf-46hc-pwj, 
51, ,51,Edgar Massuanganha,12-Dec-17,Linha de base antes da campanha,M,30 - 50 anos,Solteiro,Nao,Mais de 5 anos,1 a 4 Classe,Conselho Comunitario de Pesca-CCP,Pesca,Mais de 10 anos,Avo,Sim,Emalhe de superficie,Mar aberto,Nao,Não, ,Carapau,25 a 50 kg de peixe,Consumidor local; Comerciante revendedor,Chapa 100,Nao, ,Nao,Razoavel,Não,Nao sabe,Sim,Sim,Para Linha,Nao,Regulo,CCP,Tipo de arte; Especie a ser capturadas,falta de material de pesca,10 a 15,Falta de insumos,Nao,Dificil,Sim,Sim,Sim,Sim,Sim,Sim,Nao,Boa,Sim,Linha,Sim,Sim,Grupo de trabalho da AGC+ARR,Falta de agua potavel; Via de acesso; Corrente electrica; Unidade sanitaria; Escola de materia convensional,Dificil,Diminuir,Esforco de pesca; Sobrepesca; Nao ha veda,Sim,Governo,Grupo de trabalho de AGC+ARR,Grupo de trabalho de AGC+ARR, , ,1,,2/26/2018 9:51,dj6m-t6hc-pf2, 
52, ,52,Edgar Massuanganha,12-Dec-17,Linha de base antes da campanha,M,30 - 50 anos,Solteiro,Nao,Mais de 5 anos,5 a 8 Classe,Conselho Comunitario de Pesca-CCP,Pesca,Mais de 10 anos,Pai,Nao,Linha de Mao,Mar aberto,Nao,Não, ,Serra,10 a 25 kg de peixe,Comerciante revendedor,Chapa 100,Nao, ,Sim,Razoavel,Não, ,Sim,Nao, ,Nao,Chefe de povoacao,CCP,Tipo de arte; Especie a ser capturadas,Fabrico caseiro,5 a 10,Falta de insumos,Nao,Dificil,Sim,Nao sabe,Sim,Sim,Sim,Sim,Nao,Boa,Sim,Linha,Sim,Sim,Co-gestao,Falta de agua potavel; Via de acesso; Corrente electrica; Unidade sanitaria; Escola de materia convensional; Transporte,Critico,Diminuir,Esforco de pesca; Sobrepesca; Nao ha veda; Pesca sem material em condicoes,Sim,Lideres, , , , ,1,,2/26/2018 9:59,gj8d-56hc-p27, 
53, ,53,Edgar Massuanganha,12-Dec-17,Linha de base antes da campanha,F,30 - 50 anos,Solteiro,Nao,Entre 2 a 3 anos,11 a 12 Classe,Grupo de Trabalho AGC+ARR,Comercialização, , , , , , , , , , , , , , , , , , , , , , ,Chefe de povoacao,CCP,Tipo de arte; Especie a ser capturadas,Fabrico caseiro,5 a 10,Falta de insumos,Nao,Dificil,Nao sabe,Nao sabe,Sim,Sim,Sim,Sim,Nao,Normal,Nao sabe,Linha,Não sabe,Nao, ,Falta de agua potavel; Corrente electrica; Unidade sanitaria; Escola de materia convensional,Dificil,Diminuir,Esforco de pesca; Sobrepesca; Nao ha veda; Pesca sem material em condicoes,Sim,Lideres, , , , ,1,,2/26/2018 10:05,4jfp-f6hc-py1, 
54, ,54,Edgar Massuanganha,12-Dec-17,Linha de base antes da campanha,M,18 - 30 anos,Solteiro,Emigrante,Mais de 5 anos,1 a 4 Classe,Conselho Comunitario de Pesca-CCP,Pesca,De 0 a 5 anos,Pai,Sim,Linha de Mao,Mar aberto,Nao,Não, ,Serra,25 a 50 kg de peixe,Consumidor local; Comerciante revendedor,Chapa 100,Nao, ,Nao,Razoavel,Sim,Mau tempo,Sim,Nao, ,Nao,Regulo,CCP,Tipo de arte; Especie a ser capturadas,Habito,5 a 10,Falta de insumos,Nao,Facil,Sim,Sim,Sim,Sim,Sim,Sim,Sim,Boa,Sim,Emalhe de superficie,Não,Sim,Grupo de trabalho da AGC+ARR,Falta de agua potavel; Via de acesso; Corrente electrica; Unidade sanitaria; Escola de materia convensional,Critico,Diminuir,Sobrepesca; Nao ha veda,Sim,Lideres,Grupo de trabalho de AGC+ARR,PCR, , ,1,,2/26/2018 10:11,7jfc-26hx-p7d, 
55, ,55,Edgar Massuanganha,12-Dec-17,Linha de base antes da campanha,M,30 - 50 anos,Solteiro,Nao,Entre 2 a 3 anos,5 a 8 Classe,Conselho Comunitario de Pesca-CCP,Pesca,Mais de 10 anos,Amigo,Sim,Emalhe do Fundo,Mar aberto,Nao,Sim,Linha de mao,Serra,25 a 50 kg de peixe,Consumidor local; Comerciante revendedor,Chapa 100,Nao, ,Sim,Razoavel,Sim,Mau tempo,Sim,Nao, ,Nao,Regulo,CCP,Tipo de arte; Especie a ser capturadas,falta de material de pesca,5 a 10,Falta de insumos,Nao,Dificil,Sim,Nao sabe,Sim,Sim,Sim,Sim,Sim,Boa,Sim,Linha,Sim,Sim,CCP,Falta de agua potavel; Via de acesso; Corrente electrica; Unidade sanitaria; Escola de materia convensional,Critico,Diminuir,Esforco de pesca; Sobrepesca; Nao ha veda,Sim,Lideres,PCR,Grupo de trabalho de AGC+ARR, , ,1,,2/26/2018 10:19,rjhn-v6hx-p7p, 
56, ,56,Edgar Massuanganha,12-Dec-17,Linha de base antes da campanha,M,30 - 50 anos,Solteiro,Nao,Entre 2 a 3 anos,1 a 4 Classe,Conselho Comunitario de Pesca-CCP,Pesca,Mais de 10 anos,Primo,Nao,Arpao,Mar aberto,Nao,Sim,Linha de mao,Serra,25 a 50 kg de peixe,Consumidor local; Comerciante revendedor,Chapa 100,Nao, ,Sim,Razoavel,Sim,Escaces de pescado,Sim,Nao, ,Nao,Chefe de povoacao,CCP,Tipo de arte; Especie a ser capturadas,Muito barrato,5 a 10,Falta de insumos,Nao,Dificil,Sim,Nao,Sim,Sim,Sim,Sim,Nao,Boa,Sim,Linha,Sim,Sim,CCP,Falta de agua potavel; Via de acesso; Corrente electrica; Unidade sanitaria; Escola de materia convensional,Dificil,Diminuir,Sobrepesca; Nao ha veda,Sim,Governo, , , , ,1,,2/26/2018 10:26,dynk-m6hx-pdc, 
57, ,57,Edgar Massuanganha,12-Dec-17,Linha de base antes da campanha,M,30 - 50 anos,Solteiro,Nao,Entre 2 a 3 anos,1 a 4 Classe,Conselho Comunitario de Pesca-CCP,Pesca,Mais de 10 anos,Tio,Sim,Linha de Mao,Mar aberto,Nao,Não, ,Serra,25 a 50 kg de peixe,Consumidor local; Comerciante revendedor,Chapa 100,Nao, ,Sim,Razoavel,Não, ,Sim,Nao, ,Nao,Chefe de povoacao,CCP,Tipo de arte; Especie a ser capturadas,Muito barrato,10 a 15,Nao sabe,Nao,Normal,Sim,Sim,Sim,Sim,Sim,Sim,Sim,Boa,Sim,Linha,Não sabe,Sim,CCP,Falta de agua potavel; Via de acesso; Corrente electrica; Unidade sanitaria; Transporte,Critico,Diminuir,Sobrepesca; Nao ha veda,Sim,Governo, , , , ,1,,2/26/2018 10:33,gyt9-36hx-pn0, 
58, ,58,Edgar Massuanganha,12-Dec-17,Linha de base antes da campanha,M,18 - 30 anos,Solteiro,Nao,Menos de 1 ano,5 a 8 Classe,Nenhum, , , , , , , , , , , , , , , , , , , , , , , ,Chefe de povoacao,CCP,Tempo de Pesca; Tipo de embarcacao,falta de material de pesca,15 a 20, ,Nao,Dificil,Sim,Sim,Sim,Sim,Sim,Sim,Nao,Boa,Sim,Linha,Não,Nao, ,Falta de agua potavel; Via de acesso; Corrente electrica; Unidade sanitaria; Escola de materia convensional,Dificil,Diminuir,Esforco de pesca; Sobrepesca,Nao sabe,Governo, ,Grupo de trabalho de AGC+ARR, , ,1,,2/26/2018 10:39,3yn8-86hx-ph3, 
59, ,59,Edgar Massuanganha,12-Dec-17,Linha de base antes da campanha,M,30 - 50 anos,Solteiro,Sim, ,5 a 8 Classe,Conselho Comunitario de Pesca-CCP,Comercialização, , , , , , , , , , , , , , , , , , , , , , ,Chefe de povoacao,CCP,Tempo de Pesca; Tipo de embarcacao,falta de material de pesca,5 a 10,Falta de insumos,Sim,Dificil,Sim,Sim,Sim,Sim,Sim,Sim,Nao,Boa,Sim,Emalhe de superficie,Sim,Sim,Grupo de trabalho da AGC+ARR,Falta de agua potavel; Via de acesso; Corrente electrica; Unidade sanitaria; Escola de materia convensional,Dificil,Diminuir,Esforco de pesca; Sobrepesca,Sim,Governo,Grupo de trabalho de AGC+ARR,Grupo de trabalho de AGC+ARR, , ,1,,2/26/2018 10:50,vy9j-c6hx-p8w, 
60, ,60,Honorio Manjor,12-Dec-17,Linha de base antes da campanha,M,30 - 50 anos,Solteiro,Sim,Mais de 5 anos,1 a 4 Classe,Conselho Comunitario de Pesca-CCP,Pesca,Mais de 10 anos,Primo,Nao,Linha de Mao; Arpao,Estuario,Nao,Não, ,Sardinha,10 a 25 kg de peixe,Consumidor local,Chapa 100,Nao, ,Sim,Razoavel,Não, ,Sim,Nao, ,Nao,Chefe de povoacao,CCP,Tipo de arte; Especie a ser capturadas,Muito barrato,5 a 10,Falta de insumos,Nao,Dificil,Sim,Nao sabe,Sim,Sim,Sim,Sim,Sim,Boa,Sim,Linha,Sim,Sim,Grupo de trabalho da AGC+ARR,Falta de agua potavel; Via de acesso; Corrente electrica; Unidade sanitaria; Escola de materia convensional,Dificil,Diminuir,Esforco de pesca; Sobrepesca,Sim,Governo,Grupo de trabalho de AGC+ARR,Grupo de trabalho de AGC+ARR, , ,1,,2/26/2018 10:58,2yv2-f6hx-pr9, 
61, ,61,Honorio Manjor,12-Dec-17,Linha de base antes da campanha,M,30 - 50 anos,Solteiro,Sim, ,1 a 4 Classe,Grupo de Trabalho AGC+ARR,Outra, , , , , , , , , , , , , , , , , , , , , , ,Chefe de povoacao,CCP,Tipo de arte; Especie a ser capturadas,Muito barrato,5 a 10,Nao sabe,Nao,Nao sabe,Sim,Nao,Sim,Sim,Sim,Sim,Sim,Boa,Sim,Emalhe de superficie,Não,Sim,CCP,Falta de agua potavel; Via de acesso; Unidade sanitaria; Escola de materia convensional; Transporte,Dificil,Diminuir,Sobrepesca; Nao ha veda,Sim,Governo,Grupo de trabalho de AGC+ARR,Grupo de trabalho de AGC+ARR, , ,1,,2/26/2018 11:08,wy61-x6hx-pd8, 
62, ,62,Honorio Manjor,12-Dec-17,Linha de base antes da campanha,M,30 - 50 anos,Solteiro,Nao,Entre 2 a 3 anos,1 a 4 Classe,Grupo de Trabalho AGC+ARR,Comercialização, , , , , , , , , , , , , , , , , , , , , , ,Chefe de povoacao,CCP, ,Muito barrato,0 a 5,Falta de insumos,Nao,Dificil,Sim, ,Sim,Sim,Sim,Sim,Sim,Boa,Sim,Linha,Sim,Sim,Grupo de trabalho da AGC+ARR,Falta de agua potavel; Via de acesso; Corrente electrica; Unidade sanitaria; Escola de materia convensional,Dificil,Diminuir,Sobrepesca; Nao ha veda; Pesca nas rochas,Sim,Governo, , , , ,1,,2/26/2018 11:12,yypt-y6hx-pgv, 
63, ,63,Honorio Manjor,12-Dec-17,Linha de base antes da campanha,M,30 - 50 anos,Solteiro,Sim, ,Nunca,Conselho Comunitario de Pesca-CCP,Pesca,Mais de 10 anos,Pai,Sim,Emalhe de superficie,Estuario,Sim,Sim,Linha de mao,Serra,10 a 25 kg de peixe,Consumidor local; Comerciante revendedor,Chapa 100,Nao, ,Sim,Razoavel,Sim,Escaces de pescado,Sim,Nao, ,Nao,Chefe de povoacao,CCP,Tipo de arte; Especie a ser capturadas,Muito barrato,5 a 10,Falta de insumos,Nao,Dificil,Sim,Nao,Sim,Sim,Sim,Sim,Sim,Normal,Sim,Linha,Sim,Sim,Co-gestao,Falta de agua potavel; Via de acesso; Corrente electrica; Unidade sanitaria; Transporte; Bomba de abastecimento,Dificil,Diminuir,Sobrepesca; Nao ha veda,Sim,Governo, , , , ,1,,2/26/2018 11:18,6y76-j6hx-p1j, 
64, ,64,Honorio Manjor,12-Dec-17,Linha de base antes da campanha,M,30 - 50 anos,Solteiro,Sim, ,Nunca,Nenhum,Pesca,Mais de 10 anos,Amigo,Sim,Arpao,Mar aberto,Sim,Sim,Linha de mao,Garoupa,25 a 50 kg de peixe,Consumidor local; Comerciante revendedor,Chapa 100,Nao, ,Sim,Razoavel,Sim,Escaces de pescado,Sim,Sim,Para Linha,Nao,Chefe de povoacao,CCP,Tipo de arte; Especie a ser capturadas,Muito barrato,5 a 10,Falta de insumos,Sim,Normal,Sim,Nao,Sim,Sim,Sim,Sim,Sim,Boa,Sim,Linha,Sim,Sim,CCP,Falta de agua potavel; Via de acesso; Corrente electrica; Unidade sanitaria; Escola de materia convensional; Transporte,Critico,Diminuir,Sobrepesca; Nao ha veda; Pesca sem material em condicoes,Sim,Lideres, , , , ,1,,2/26/2018 11:30,wynx-m6h0-prf, 
65, ,65,Honorio Manjor,12-Dec-17,Linha de base antes da campanha,M,30 - 50 anos,Solteiro,Sim, ,1 a 4 Classe,Nenhum,Pesca,Mais de 10 anos,Tio,Nao,Arpao,Nas rochas,Sim,Sim,Linha de mao,Garoupa,10 a 25 kg de peixe,Turistas,Chapa 100,Nao, ,Sim,Razoavel,Sim,Escaces de pescado,Sim,Nao, ,Nao,Regulo,CCP,Tipo de arte,Fabrico caseiro,10 a 15,Falta de insumos,Sim,Normal,Sim,Nao,Sim,Sim,Sim,Sim,Nao,Boa,Sim,Linha,Sim,Sim,Grupo de trabalho da AGC+ARR,Falta de agua potavel; Via de acesso; Corrente electrica; Unidade sanitaria; Escola de materia convensional,Dificil,Diminuir,Sobrepesca; Nao ha veda; Pesca nas rochas,Sim,CCP, , , , ,1,,2/26/2018 11:37,yyf3-w6h0-p5m, 
66, ,66,Honorio Manjor,12-Dec-17,Linha de base antes da campanha,M,30 - 50 anos,Solteiro,Sim, ,1 a 4 Classe,Poupanca Credito Rotativo - PCR,Pesca,Mais de 10 anos,Primo,Sim,Arpao,Estuario,Sim,Sim,Emalhe do fundo,Serra,10 a 25 kg de peixe,Comerciante revendedor,Chapa 100,Nao, ,Sim,Razoavel,Não,Escaces de pescado,Sim,Nao, ,Nao,Chefe de povoacao,CCP,Tipo de arte; Especie a ser capturadas,Fabrico caseiro,10 a 15,Nao sabe,Nao,Dificil,Sim,Nao,Sim,Sim,Sim,Sim,Sim,Boa,Sim,Linha,Sim,Sim,CCP,Falta de agua potavel; Via de acesso; Corrente electrica; Unidade sanitaria; Transporte,Dificil,Diminuir,Sobrepesca; Nao ha veda; Pesca nas rochas; Pesca sem material em condicoes,Sim,Lideres,PCR,Grupo de trabalho de AGC+ARR, , ,1,,2/26/2018 11:44,rytw-56h0-pdt, 
67, ,65,Edgar Massuanganha,12-Dec-17,Linha de base antes da campanha,M,30 - 50 anos,Solteiro,Sim, ,5 a 8 Classe,Conselho Comunitario de Pesca-CCP,Pesca,Mais de 10 anos,Primo,Nao,Linha de Mao,Mar aberto,Sim,Sim,Emalhe de superficie,Garoupa,25 a 50 kg de peixe,Consumidor local; Comerciante revendedor; Turistas,Chapa 100,Nao, ,Sim,Mau,Sim,Mau tempo,Sim,Nao, ,Nao,Chefe de povoacao,CCP,Tipo de arte; Especie a ser capturadas,Habito,10 a 15,Falta de insumos,Sim,Facil,Sim,Nao,Sim,Sim,Sim,Sim,Sim,Boa,Sim,Linha,Não sabe,Nao, ,Falta de agua potavel; Via de acesso; Corrente electrica; Unidade sanitaria,Critico,Diminuir,Sobrepesca; Nao ha veda; Pesca nas rochas; Pesca sem material em condicoes,Sim,Governo, , , , ,1,,2/26/2018 11:51,4ym9-p6h0-pp6, 
68, ,68,Edgar Massuanganha,12-Dec-17,Linha de base antes da campanha,M,30 - 50 anos,Solteiro,Sim, ,5 a 8 Classe,Conselho Comunitario de Pesca-CCP,Pesca,De 5 a 10 anos,Amigo,Sim,Linha de Mao,Mar aberto,Nao,Sim,Emalhe do fundo,Serra,10 a 25 kg de peixe,Comerciante revendedor,Chapa 100,Nao, ,Sim,Razoavel,Sim,Escaces de pescado,Sim,Sim,Para Arpao,Nao,Chefe de povoacao,CCP,Tipo de arte,Muito barrato,10 a 15,Falta de insumos,Nao,Dificil,Nao sabe,Sim,Sim,Sim,Sim,Sim,Sim,Boa,Sim,Linha,Sim,Sim,Grupo de trabalho da AGC+ARR,Via de acesso; Corrente electrica; Unidade sanitaria; Escola de materia convensional; Transporte,Normal,Diminuir,Sobrepesca,Sim,Lideres,Grupo de trabalho de AGC+ARR,Grupo de trabalho de AGC+ARR, , ,1,,2/26/2018 11:58,wygh-86h0-pn4, 
69, ,69,Edgar Massuanganha,12-Dec-17,Linha de base antes da campanha,M,30 - 50 anos,Solteiro,Emigrante,Mais de 5 anos,5 a 8 Classe,Conselho Comunitario de Pesca-CCP,Pesca,Mais de 10 anos,Tio,Nao,Linha de Mao,Mar aberto,Sim,Sim,Emalhe de superficie,Serra,10 a 25 kg de peixe,Comerciante revendedor; Turistas,Chapa 100,Nao, ,Sim,Mau,Sim,Mau tempo,Sim,Sim,Para Arpao,Nao,Chefe de povoacao,CCP,Tipo de arte; Especie a ser capturadas,Muito barrato,10 a 15,Falta de insumos,Sim,Dificil,Sim,Nao sabe,Sim,Sim,Sim,Sim,Sim,Boa,Sim,Linha,Sim,Sim,Grupo de trabalho da AGC+ARR,Falta de agua potavel; Via de acesso; Corrente electrica; Unidade sanitaria; Escola de materia convensional; Transporte,Critico,Diminuir,Esforco de pesca,Sim,Lideres, , , , ,1,,2/26/2018 12:10,72wy-w6h0-pxk, 
70, ,70,Edgar Massuanganha,12-Dec-17,Linha de base antes da campanha,M,30 - 50 anos,Solteiro,Nao,Mais de 5 anos,5 a 8 Classe,Conselho Comunitario de Pesca-CCP,Pesca,Mais de 10 anos,Pai,Sim,Emalhe do Fundo,Dentro das 3 milhas,Nao,Não,Linha de mao,Serra,10 a 25 kg de peixe,Consumidor local; Turistas,Chapa 100,Nao, ,Sim,Razoavel,Sim,Escaces de pescado,Sim,Nao, ,Nao,Chefe de povoacao,CCP,Tipo de arte,Muito barrato,5 a 10,Nao sabe, ,Dificil,Sim,Nao,Sim,Sim,Sim,Sim,Sim,Boa,Sim,Linha,Sim,Sim, ,Falta de agua potavel; Via de acesso; Corrente electrica; Unidade sanitaria; Escola de materia convensional; Transporte; Sistema de frio para conservação de pescado,Dificil,Diminuir,Sobrepesca; Nao ha veda; Pesca sem material em condicoes,Sim,Governo,Grupo de trabalho de AGC+ARR,Grupo de trabalho de AGC+ARR, , ,1,,2/26/2018 12:15,t272-66h0-p8r, 
71, ,71,Honorio Manjor,12-Dec-17,Linha de base antes da campanha,M,30 - 50 anos,Solteiro,Sim, ,1 a 4 Classe,Conselho Comunitario de Pesca-CCP,Pesca,Mais de 10 anos,Avo,Sim,Emalhe do Fundo,Estuario,Nao,Não, ,Carapau,25 a 50 kg de peixe,Consumidor local; Comerciante revendedor,Chapa 100,Nao, ,Sim,Razoavel,Sim,Escaces de pescado,Sim,Nao, ,Nao,Chefe de povoacao,CCP,Tipo de arte; Especie a ser capturadas,Fabrico caseiro,5 a 10,Falta de insumos,Nao,Dificil,Sim,Sim,Sim,Sim,Sim,Sim,Sim,Boa,Sim,Linha,Sim,Sim,Grupo de trabalho da AGC+ARR,Falta de agua potavel; Via de acesso; Corrente electrica; Unidade sanitaria; Escola de materia convensional; Transporte,Dificil,Diminuir,Sobrepesca; Nao ha veda; Pesca nas rochas,Sim,Governo,Grupo de trabalho de AGC+ARR,Grupo de trabalho de AGC+ARR, , ,1,,2/26/2018 12:24,22y1-06h0-pf8, 
72, ,72,Honorio Manjor,12-Dec-17,Linha de base antes da campanha,M,30 - 50 anos,Solteiro,Emigrante,Mais de 5 anos,5 a 8 Classe,Conselho Comunitario de Pesca-CCP,Pesca,Mais de 10 anos,Amigo,Nao,Arpao,Recife de corais,Sim,Sim,Linha de mao,Serra,25 a 50 kg de peixe,Consumidor local; Comerciante revendedor; Turistas,Chapa 100,Nao, ,Sim,Mau,Sim,Escaces de pescado,Sim,Sim,Para Linha,Nao,Chefe de povoacao,CCP,Tipo de arte; Especie a ser capturadas,Fabrico caseiro,5 a 10,Falta de insumos,Nao,Dificil,Nao,Sim,Sim,Sim,Sim,Sim,Sim,Boa,Sim,Linha,Sim,Sim,Governo,Falta de agua potavel; Via de acesso; Corrente electrica; Unidade sanitaria; Escola de materia convensional,Dificil,Diminuir,Sobrepesca; Nao ha veda,Sim,Lideres,Grupo de trabalho de AGC+ARR,Grupo de trabalho de AGC+ARR, , ,1,,2/26/2018 12:30,v2vd-r6h0-phv, 
73, ,73,Honorio Manjor,12-Dec-17,Linha de base antes da campanha,M,30 - 50 anos,Solteiro,Nao,Mais de 5 anos,1 a 4 Classe,Nenhum,Pesca,Mais de 10 anos,Primo,Nao,Arpao,Recife de corais,Nao,Não, ,Garoupa,10 a 25 kg de peixe,Consumidor local; Turistas,Chapa 100,Nao, ,Nao,Razoavel,Sim,Escaces de pescado,Sim,Nao,Nenhum,Nao,Chefe de povoacao,CCP,Tipo de arte,falta de material de pesca,5 a 10,Falta de insumos,Nao,Dificil,Nao,Nao sabe,Sim,Sim,Sim,Sim,Sim,Boa,Sim,Linha,Sim,Sim,CCP,Falta de agua potavel; Via de acesso; Corrente electrica; Unidade sanitaria; Escola de materia convensional; Transporte,Dificil,Diminuir,Sobrepesca; Nao ha veda; Pesca nas rochas,Sim,Lideres, , , , ,1,,2/26/2018 12:37,p2mp-56h0-p8j, 
74, ,74,Edgar Massuanganha,12-Dec-17,Linha de base antes da campanha,M,18 - 30 anos,Solteiro,Sim, ,5 a 8 Classe,Conselho Comunitario de Pesca-CCP,Pesca,Mais de 10 anos,Amigo,Sim,Linha de Mao,Mar aberto,Nao,Não, , ,10 a 25 kg de peixe,Consumidor local,Chapa 100,Nao, ,Sim,Razoavel,Sim,Escaces de pescado,Sim,Nao, ,Nao,Chefe de povoacao,CCP,Tipo de arte; Especie a ser capturadas,Muito barrato,5 a 10,Falta de insumos,Nao,Normal,Sim,Sim,Sim,Sim,Sim,Sim,Sim,Boa,Sim,Linha,Sim,Sim,CCP,Falta de agua potavel; Via de acesso; Corrente electrica; Unidade sanitaria; Escola de materia convensional; Transporte,Dificil,Diminuir,Sobrepesca; Nao ha veda; Pesca nas rochas; Pesca sem material em condicoes,Sim,Lideres, , , , ,1,,2/26/2018 12:48,12p0-v6hn-px2, 
75, ,75,Edgar Massuanganha,12-Dec-17,Linha de base antes da campanha,M,30 - 50 anos,Solteiro,Sim, ,1 a 4 Classe,Conselho Comunitario de Pesca-CCP,Pesca,De 5 a 10 anos,Amigo,Sim,Linha de Mao,Mar aberto,Nao,Sim,Emalhe de superficie,Sardinha,10 a 25 kg de peixe,Consumidor local; Comerciante revendedor,Chapa 100,Nao, ,Sim,Razoavel,Sim,Escaces de pescado,Sim,Nao, ,Nao,Chefe de povoacao,CCP,Tipo de arte; Especie a ser capturadas,Habito,10 a 15,Falta de insumos,Sim,Dificil,Sim,Sim,Sim,Sim,Sim,Sim,Sim,Boa,Sim,Linha,Sim,Sim,Lideres locais,Falta de agua potavel; Via de acesso; Unidade sanitaria; Escola de materia convensional,Dificil,Diminuir,Sobrepesca; Nao ha veda,Sim,Governo, , , , ,1,,2/26/2018 13:02,y2kr-n6hn-p97, 
76, ,76,Honorio Manjor,12-Dec-17,Linha de base antes da campanha,M,30 - 50 anos,Solteiro,Sim, ,1 a 4 Classe,Nenhum,Pesca,De 0 a 5 anos,Tio,Nao,Arpao,Recife de corais,Nao,Sim,Linha de mao,Atum,10 a 25 kg de peixe,Consumidor local; Comerciante revendedor,Chapa 100,Nao, ,Sim,Razoavel,Sim,Escaces de pescado,Sim,Nao, ,Nao,Chefe de povoacao,CCP,Tipo de arte; Especie a ser capturadas,Fabrico caseiro,5 a 10,Falta de insumos,Sim,Facil,Sim,Nao,Sim,Sim,Sim,Sim, ,Boa,Sim,Emalhe do fundo,Sim,Sim,Co-gestao,Falta de agua potavel; Via de acesso; Corrente electrica; Unidade sanitaria; Escola de materia convensional,Dificil,Diminuir,Esforco de pesca; Sobrepesca,Sim,Governo,Grupo de trabalho de AGC+ARR,PCR, , ,1,,2/26/2018 13:17,h2kv-g6hn-pr1, 
77, ,77,Honorio Manjor,12-Dec-17,Linha de base antes da campanha,M,30 - 50 anos,Solteiro,Sim,Mais de 5 anos,Nunca,Conselho Comunitario de Pesca-CCP,Pesca,Mais de 10 anos,Pai,Sim,Linha de Mao,Mar aberto,Sim,Sim,Emalhe do fundo,Serra,10 a 25 kg de peixe,Comerciante revendedor,Chapa 100, , ,Sim,Razoavel,Sim,Escaces de pescado,Sim,Sim,Para Emalhe,Nao,Chefe de povoacao,CCP,Modo de pesca; Tipo de arte,Muito barrato,5 a 10,Falta de insumos,Sim,Dificil,Sim,Sim,Sim,Sim,Sim,Sim,Sim,Boa,Sim,Linha,Sim,Nao, ,Falta de agua potavel; Via de acesso; Corrente electrica; Unidade sanitaria,Dificil,Diminuir,Esforco de pesca; Sobrepesca,Sim,Op. Turisticos,Grupo de trabalho de AGC+ARR,Grupo de trabalho de AGC+ARR, , ,1,,2/26/2018 13:35,f247-k6hn-p5d, 
78,17, , , , , , , , , , , , , , , , , , , , , , , , , , , , , , , , , , , , , , , , , , , , , , , , , , , , , , , , , , , , , , , , , ,1,honorio,3/7/2018 9:20,df55-5pcj-3yh, 
