"Form Number","Numero de formulario","Nome do entrevistador","Data da realizacao da pesquisa","Periodo da pesquisa","Genero do entrevistado","Qual e' a sua idade?","Qual e' o teu estado civil?","TITULO DE PROPRIEDADE","A quanto tempo mora nesta comunidade?","Faz parte (membro) de uma organização comunitária?","A quanto tempo?","Nivel de escolaridade","Que tipo de Barco usas?","Material de fabrico","Numero de pescadores permanetes","Numero de tripulantes","Comprimento da sua embatrcacao","Idade do Barco","Capacidade de carga","Meio de propulsao","Tipo de motor","Potencia do Motor","Principal arte de pesca","Comprimento da rede","Tempo de pesca","Numero de lances diarios (arrasto)","Comprimento das cordas por asa (arrasto)","E' proprietario de unidade de producao motorizada?","Se sim, qual foi a forma de aquisicao?","Se for por credito do estado, qual e' a situacao do reembolso","Qual e' o estado fisico actual do motor?","Quantas vezes vais a pesca por semana?","Qual e a sua zona de pesca","Quantas vezes usas o motor para pesca?","Existe uma oficina de reparacao de motores na sua aldeia?","Se sim, diga quantas?","Arrasto","Linha de mao","Arpao","Emalhe de superficie","Arrasto","Linha de mao","Arpao","Emalhe de superficie","Onde e a quem comercializas o seu pescado?","Que distancia percorres a partir do local do desembarque para o mercado?","Qual e' o meio que usa para transportar o seu produto?","Custo de transporte","Form's Doc","Form Source","Form Created","Form's ID", 
1,1,"Horacio","16/02/18 ","Linha de base antes da campanha","Masculino","51 - 60","Poligamico","Proprietario de arte de pesca","Mais de 5 anos","PCR","2 a 5 anos","Secundario Incompleto"," "," "," "," "," "," "," "," "," "," ","Linha de mao"," ","4 a 6 horas"," "," ","Nao"," "," "," ","5 dias","Na costa (- de 3 milhas)"," ","Nao"," "," ","31.000 a 40.00"," "," "," ","16.000 a 20.000"," "," ","Centro de pesca"," "," "," ","1","ANUAR","Feb 21, 18 11:59","0g76-j67h-1ky", 
2,2,"Horacio","16/02/18 ","Linha de base antes da campanha","Masculino","31 - 40","Monogamico","Proprietario de arte de pesca","Mais de 5 anos","Nenhuma"," ","Primario completo","Lancha","Fibra de vidro","4","6 a 10","6 a 10 metros","11 a 15 anos","1 a 2 toneladas","Motorizada","Externo"," ","Linha de mao"," ","4 a 6 horas"," "," ","Nao"," "," "," ","6 dias","Na costa (- de 3 milhas)"," ","Nao"," "," ","11.000 a 15.000"," "," "," ","0 a 5.000"," "," ","Ao proprietario da embarcacao"," "," "," ","1","","Feb 21, 18 12:15","vgyn-067v-184", 
3,3,"Horacio","16/02/18 ","Linha de base antes da campanha","Masculino","51 - 60","Monogamico","Proprietario de embarcacao e arte de pesca","Mais de 5 anos","CCP","6 a 10 anos","Primario completo","Lancha","Madeira","6","6 a 10","6 a 10 metros","11 a 15 anos","1 a 2 toneladas","Motorizada","Externo","15 cavalos","Linha de mao"," ","4 a 6 horas"," "," ","Sim","Credito do estado (FFP)","Esta a pagar","Mau","1 vez","No alto mar (+ de 3 milhas)","Todos dias que vais pescar","Sim","1"," ","+ 41.000"," "," "," ","21.000 a 25.000"," "," ","Centro de pesca"," "," "," ","1","","Feb 21, 18 12:30","98x9-r67v-189", 
4,4,"Horacio","16/02/18 ","Linha de base antes da campanha","Feminino","51 - 60","Viuvo","Proprietario de embarcacao e arte de pesca","Mais de 5 anos","CCP; Associacao","6 a 10 anos","Primario incompleto","Lancha","Madeira","7","6 a 10","6 a 10 metros","+ de 16 anos","1 a 2 toneladas","Motorizada","Externo","10 cavalos","Linha de mao"," ","3 a 4 dias"," "," ","Sim","Aquisicao pessoal"," ","Bom","1 vez","No alto mar (+ de 3 milhas)","Todos dias que vais pescar","Sim","1"," ","26.000 a 30.000"," "," "," ","11.000 a 15.000"," "," ","Em casa"," "," "," ","1","","Feb 21, 18 13:41","p86w-5675-1c8", 
5,5,"Horacio","16/02/18 ","Linha de base antes da campanha","Masculino","21 - 30","Monogamico","Proprietario de embarcacao e arte de pesca","Mais de 5 anos","Nenhuma"," ","Secundario Incompleto","Jangada","Mistura","1","0 a 1","- de 5 metros","2 a 5 anos","- de 1 tonelada","Remo"," "," ","Linha de mao"," ","4 a 6 horas"," "," ","Nao"," "," "," ","1 vez","No alto mar (+ de 3 milhas)","Todos dias que vais pescar","Nao"," "," ","6.000 a 10.000"," "," "," ","0 a 5.000"," "," ","Em complexos turisticos","- de 500 metros"," "," ","1","","Feb 21, 18 14:04","0hgj-h675-160", 
6,6,"Horacio","16/02/18 ","Linha de base antes da campanha","Masculino","21 - 30","Monogamico","Proprietario de embarcacao e arte de pesca","Mais de 5 anos","CCP","2 a 5 anos","Secundario Incompleto","Jangada","Mistura","1","0 a 1","- de 5 metros","2 a 5 anos","- de 1 tonelada","Remo"," "," ","Linha de mao"," ","1 dia"," "," ","Nao"," "," "," ","5 dias","Na costa (- de 3 milhas)"," ","Nao"," "," ","21.000 a 25.000"," "," "," ","16.000 a 20.000"," "," ","Centro de pesca"," "," "," ","1","","Feb 21, 18 14:42","mhnx-567j-18v", 
7,7,"Horacio","16/02/18 ","Linha de base antes da campanha","Masculino","31 - 40","Monogamico","Pescador simples","Sempre","CCP","2 a 5 anos","Primario incompleto","Jangada","Mistura","1","0 a 1","- de 5 metros","2 a 5 anos","- de 1 tonelada","Remo"," "," ","Linha de mao"," ","7 a 9 horas"," "," ","Nao"," "," "," ","5 dias","No alto mar (+ de 3 milhas)"," ","Nao"," "," ","0 a 5.000"," "," "," ","0 a 5.000"," "," ","Centro de pesca"," "," "," ","1","","Feb 21, 18 14:50","3hfn-p67j-1tj", 
8,8,"Horacio","16/02/18 ","Linha de base antes da campanha","Feminino","+ 60","Viuvo","Proprietario de embarcacao","Mais de 5 anos","CCP; PCR; Associacao","2 a 5 anos","Ensino Profissional","Lancha","Fibra de vidro","2","11 a 15","6 a 10 metros","6 a 8 anos","1 a 2 toneladas","Motorizada"," ","15 cavalos","Linha de mao"," ","3 a 4 dias"," "," ","Sim","Aquisicao pessoal"," "," ","1 vez","No alto mar (+ de 3 milhas)","Todos dias que vais pescar","Sim","1"," ","21.000 a 25.000"," "," "," ","6.000 a 10.000"," "," ","Centro de pesca","+ de 1 km","Carro","2.000 a 5.000 mtn","1","","Feb 21, 18 14:59","whgr-367j-1d2", 
9,9,"Horacio","16/02/18 ","Linha de base antes da campanha","Masculino","41 - 50","Monogamico","Proprietario de embarcacao e arte de pesca","Mais de 5 anos","CCP; PCR; Associacao","6 a 10 anos","Primario incompleto","Lancha","Fibra de vidro","4","21 a 25","6 a 10 metros","+ de 16 anos","1 a 2 toneladas","Motorizada","Externo","25 cavalos","Arrasto manual","101 a 200 metros","4 a 6 horas","2 lances","1.001 a 2.000 metros","Sim","Aquisicao pessoal"," ","Bom","6 dias","Na costa (- de 3 milhas)","Todos dias que vais pescar","Sim","1","31.000 a 40.00"," "," "," ","6.000 a 10.000"," "," "," ","Centro de pesca"," "," "," ","1","","Feb 21, 18 15:24","mvyy-t67j-1r1", 
10,10,"Horacio","16/02/18 ","Linha de base antes da campanha","Masculino","21 - 30","Monogamico","Pescador simples","Mais de 5 anos","PCR","7 meses a 1 ano","Primario completo"," "," "," "," "," "," "," "," "," "," ","Arrasto manual","101 a 200 metros","4 a 6 horas","1 lance","2001 a 3.000 metros","Nao"," "," "," ","6 dias","Na costa (- de 3 milhas)"," ","Nao"," ","6.000 a 10.000"," "," "," ","0 a 5.000"," "," "," ","Mercado distrital","+ de 1 km","Carro","100 a 200 metn","1","","Feb 21, 18 15:45","158d-167j-16x", 
11,11,"Horacio","16/02/18 ","Linha de base antes da campanha","Masculino","21 - 30","Monogamico","Pescador simples","entre 2 a 5 anos","Nenhuma"," ","Secundario Incompleto"," "," "," "," "," "," "," "," "," "," ","Arrasto manual","101 a 200 metros","4 a 6 horas","1 lance","1.001 a 2.000 metros","Nao"," "," "," ","5 dias","Na costa (- de 3 milhas)"," ","Nao"," ","11.000 a 15.000"," "," "," ","6.000 a 10.000"," "," "," ","Mercado distrital","- de 500 metros"," "," ","1","Anuar","Feb 22, 18 08:55","tc18-26c0-t13", 
12,12,"Horacio","15/02/18 ","Linha de base antes da campanha","Masculino","15 - 20","Solteiro","Pescador simples","Sempre","CCP","2 a 5 anos","Secundario Incompleto"," "," "," "," "," "," "," "," "," "," ","Arrasto manual","- de 100 metros","4 a 6 horas","3 lances","2001 a 3.000 metros","Nao"," "," "," ","6 dias","Na costa (- de 3 milhas)"," ","Nao"," ","11.000 a 15.000"," "," "," ","6.000 a 10.000"," "," "," ","Centro de pesca"," "," "," ","1","","Feb 22, 18 09:07","0cpj-v6c0-tww", 
13,13,"Horacio","15/02/18 ","Linha de base antes da campanha","Masculino","21 - 30","Monogamico","Pescador simples","Sempre","Nenhuma"," ","Primario completo"," "," "," "," "," "," "," "," "," "," ","Arrasto manual","+ de 200 metros","4 a 6 horas","3 lances","2001 a 3.000 metros","Nao"," "," "," ","6 dias","Na costa (- de 3 milhas)"," ","Nao"," ","6.000 a 10.000"," "," "," ","0 a 5.000"," "," "," ","Centro de pesca"," "," "," ","1","","Feb 22, 18 09:20","xc87-d6c0-t15", 
14,14,"Horacio","15/02/18 ","Linha de base antes da campanha","Masculino","21 - 30","Solteiro","Pescador simples","Mais de 5 anos","Nenhuma"," ","Primario completo"," "," "," "," "," "," "," "," "," "," ","Arrasto manual","- de 100 metros","4 a 6 horas","2 lances","2001 a 3.000 metros","Nao"," "," "," ","6 dias","Na costa (- de 3 milhas)"," ","Nao"," ","16.000 a 20.000"," "," "," ","6.000 a 10.000"," "," "," ","Centro de pesca"," "," "," ","1","Anuar","Feb 22, 18 09:30","dc8d-h6c0-t2f", 
15,15,"Horacio","15/02/18 ","Linha de base antes da campanha","Masculino","21 - 30","Solteiro","Pescador simples","Mais de 5 anos","PCR","7 meses a 1 ano","Primario completo"," "," "," "," "," "," "," "," "," "," ","Arrasto manual","+ de 200 metros","7 a 9 horas","3 lances","440 a 1.000 metros","Nao"," "," "," ","5 dias","Na costa (- de 3 milhas)"," ","Nao"," ","6.000 a 10.000"," "," "," ","0 a 5.000"," "," "," ","Centro de pesca"," "," "," ","1","","Feb 22, 18 09:40","wcg4-76c0-t3m", 
16,16,"Horacio","15/02/18 ","Linha de base antes da campanha","Masculino","15 - 20","Solteiro","Pescador simples","Sempre","Nenhuma"," ","Primario completo"," "," "," "," "," "," "," "," "," "," ","Arrasto manual","101 a 200 metros","7 a 9 horas","3 lances","1.001 a 2.000 metros","Nao"," "," "," ","6 dias","Na costa (- de 3 milhas)"," ","Nao"," ","16.000 a 20.000"," "," "," ","11.000 a 15.000"," "," "," ","Centro de pesca"," "," "," ","1","","Feb 22, 18 09:49","kcfn-x6cn-twt", 
17,17,"Horacio","15/02/18 ","Linha de base antes da campanha","Masculino","41 - 50","Monogamico","Pescador simples","entre 2 a 5 anos","Nenhuma"," ","Primario completo"," "," "," "," "," "," "," "," "," "," ","Arrasto manual","101 a 200 metros","4 a 6 horas","3 lances","1.001 a 2.000 metros","Nao"," "," "," ","6 dias","Na costa (- de 3 milhas)"," ","Nao"," ","0 a 5.000"," "," "," ","0 a 5.000"," "," "," ","Centro de pesca"," "," "," ","1","","Feb 22, 18 10:03","0xfr-16cn-td0", 
18,18,"Horacio","14/02/18 ","Linha de base antes da campanha","Feminino","21 - 30","Monogamico","Pescador simples","Mais de 5 anos","PCR","2 a 5 anos","Primario completo"," "," "," "," "," "," "," "," "," "," ","Arrasto manual","+ de 200 metros","7 a 9 horas","1 lance","3001 a 4.000 metros","Nao"," "," "," ","6 dias","Na costa (- de 3 milhas)"," ","Nao"," ","6.000 a 10.000"," "," "," ","6.000 a 10.000"," "," "," ","Fora do distrito"," "," "," ","1","","Feb 22, 18 10:20","7x25-g6cn-tx3", 
19,19,"Horacio","14/02/18 ","Linha de base antes da campanha","Masculino","15 - 20","Solteiro","Pescador simples","Sempre","Nenhuma"," ","Secundario Completo"," "," "," "," "," "," "," "," "," "," ","Arrasto manual","101 a 200 metros","7 a 9 horas","3 lances","1.001 a 2.000 metros","Sim"," "," "," ","6 dias","Na costa (- de 3 milhas)"," ","Nao"," ","6.000 a 10.000"," "," "," ","0 a 5.000"," "," "," ","Centro de pesca"," "," "," ","1","","Feb 22, 18 10:33","3xr7-c6cn-t6w", 
20,20,"Horacio","14/02/18 ","Linha de base antes da campanha","Masculino","21 - 30","Solteiro","Pescador simples","Sempre","PCR","7 meses a 1 ano","Secundario Completo"," "," "," "," "," "," "," "," "," "," ","Arrasto manual","101 a 200 metros","4 a 6 horas","3 lances","1.001 a 2.000 metros","Nao"," "," "," ","6 dias","Na costa (- de 3 milhas)"," ","Nao"," ","6.000 a 10.000"," "," "," ","6.000 a 10.000"," "," "," ","Centro de pesca"," "," "," ","1","","Feb 22, 18 10:47","2xvd-y6cn-t99", 
21,21,"Horacio","14/02/18 ","Linha de base antes da campanha","Masculino","41 - 50","Monogamico","Pescador simples","Mais de 5 anos","Nenhuma"," ","Primario incompleto"," "," "," "," "," "," "," "," "," "," ","Arrasto manual","- de 100 metros","4 a 6 horas","1 lance","1.001 a 2.000 metros","Nao"," "," "," ","6 dias","Na costa (- de 3 milhas)"," ","Nao"," ","6.000 a 10.000"," "," "," ","0 a 5.000"," "," "," ","Centro de pesca"," "," "," ","1","","Feb 22, 18 11:03","cx80-c6c3-tk8", 
22,22,"Horacio","14/02/18 ","Linha de base antes da campanha","Masculino","21 - 30","Monogamico","Pescador simples","Mais de 5 anos","PCR","2 a 5 anos","Secundario Incompleto"," "," "," "," "," "," "," "," "," "," ","Arrasto manual","101 a 200 metros","7 a 9 horas","3 lances","2001 a 3.000 metros","Nao"," "," "," ","5 dias","No alto mar (+ de 3 milhas)"," ","Nao"," ","11.000 a 15.000"," "," "," ","0 a 5.000"," "," "," ","Centro de pesca"," "," "," ","1","","Feb 22, 18 11:11","mx33-16c3-ttv", 
23,23,"Horacio","14/02/18 ","Linha de base antes da campanha","Feminino","31 - 40","Divorciado/a","Pescador simples","entre 6 meses a 1 ano","CCP","2 a 5 anos","Primario incompleto"," "," "," "," "," "," "," "," "," "," ","Arrasto manual","101 a 200 metros","7 a 9 horas","3 lances","2001 a 3.000 metros","Nao"," "," "," ","6 dias","Na costa (- de 3 milhas)"," ","Nao"," ","11.000 a 15.000"," "," "," ","6.000 a 10.000"," "," "," ","Fora do distrito","+ de 1 km","Carro","2.000 a 5.000 mtn","1","","Feb 22, 18 11:18","6xxr-36c3-tfj", 
24,24,"Horacio","14/02/18 ","Linha de base antes da campanha","Feminino","31 - 40","Monogamico","Pescador simples","entre 2 a 5 anos","PCR","2 a 5 anos","Nunca estudou"," "," "," "," "," "," "," "," "," "," ","Arrasto manual","101 a 200 metros","4 a 6 horas","2 lances","2001 a 3.000 metros","Sim","Aquisicao pessoal"," "," ","6 dias","Na costa (- de 3 milhas)"," ","Nao"," ","6.000 a 10.000"," "," "," ","0 a 5.000"," "," "," ","Fora do distrito"," ","Carro","500 a 1.000 mtn","1","","Feb 22, 18 11:27","hxv8-g6c3-tff", 
25,25,"Horacio","14/02/18 ","Linha de base antes da campanha","Masculino","21 - 30","Monogamico","Pescador simples","Mais de 5 anos","Nenhuma"," ","Secundario Incompleto"," "," "," "," "," "," "," "," "," "," ","Arrasto manual","101 a 200 metros","4 a 6 horas","2 lances","2001 a 3.000 metros","Nao"," "," "," ","5 dias","Na costa (- de 3 milhas)"," ","Nao"," ","0 a 5.000"," "," "," ","0 a 5.000"," "," "," ","Centro de pesca","- de 500 metros"," "," ","1","","Feb 22, 18 11:34","pxhv-m6c3-tjm", 
26,26,"Horacio","14/02/18 ","Linha de base antes da campanha","Masculino","15 - 20","Solteiro","Pescador simples","entre 2 a 5 anos","Nenhuma"," ","Primario incompleto"," "," "," "," "," "," "," "," "," "," ","Arrasto manual","101 a 200 metros","4 a 6 horas","3 lances","1.001 a 2.000 metros","Nao"," "," "," ","5 dias","Na costa (- de 3 milhas)"," ","Nao"," ","0 a 5.000"," "," "," ","0 a 5.000"," "," "," ","Centro de pesca"," "," "," ","1","","Feb 22, 18 11:43","6x4y-m6c3-tyt", 
27,27,"Horacio","14/02/18 ","Linha de base antes da campanha","Masculino","31 - 40","Monogamico","Pescador simples","Mais de 5 anos","PCR","2 a 5 anos","Primario completo"," "," "," "," "," "," "," "," "," "," ","Arrasto manual","101 a 200 metros","4 a 6 horas","3 lances","2001 a 3.000 metros","Nao"," "," "," ","6 dias","Na costa (- de 3 milhas)"," ","Nao"," ","0 a 5.000"," "," "," ","0 a 5.000"," "," "," ","Centro de pesca"," "," "," ","1","","Feb 22, 18 11:53","9xkm-86c3-t06", 
28,28,"Horacio","14/02/18 ","Linha de base antes da campanha","Masculino","31 - 40","Viuvo","Pescador simples","Sempre","Nenhuma"," ","Primario incompleto"," "," "," "," "," "," "," "," "," "," ","Arrasto manual","101 a 200 metros","7 a 9 horas","3 lances","1.001 a 2.000 metros","Nao"," "," "," ","6 dias","Na costa (- de 3 milhas)"," ","Nao"," ","0 a 5.000"," "," "," ","0 a 5.000"," "," "," ","Centro de pesca"," "," "," ","1","","Feb 22, 18 11:58","wxjt-c6c3-tg4", 
29,29,"Horacio","14/02/18 ","Linha de base antes da campanha","Masculino","15 - 20","Solteiro","Pescador simples","Sempre","Nenhuma"," ","Primario incompleto"," "," "," "," "," "," "," "," "," "," ","Arrasto manual","101 a 200 metros","4 a 6 horas","3 lances","2001 a 3.000 metros","Nao"," "," "," ","6 dias","Na costa (- de 3 milhas)"," ","Nao"," ","0 a 5.000"," "," "," ","0 a 5.000"," "," "," ","Centro de pesca"," "," "," ","1","","Feb 22, 18 12:04","r096-06c3-trx", 
30,30,"Horacio","14/02/18 ","Linha de base antes da campanha","Masculino","15 - 20","Solteiro","Pescador simples","Mais de 5 anos","Nenhuma"," ","Secundario Incompleto"," "," "," "," "," "," "," "," "," "," ","Arrasto manual","+ de 200 metros","7 a 9 horas","1 lance","3001 a 4.000 metros","Nao"," "," "," ","6 dias","Na costa (- de 3 milhas)"," ","Nao"," ","6.000 a 10.000"," "," "," ","0 a 5.000"," "," "," ","Centro de pesca"," "," "," ","1","","Feb 22, 18 12:11","80j4-j6c3-t0n", 
31,31,"Horacio","14/02/18 ","Linha de base antes da campanha","Masculino","41 - 50","Divorciado/a","Pescador simples","Mais de 5 anos","Nenhuma"," ","Primario incompleto"," "," "," "," "," "," "," "," "," "," ","Arrasto manual","101 a 200 metros","7 a 9 horas","3 lances","3001 a 4.000 metros","Nao"," "," "," ","6 dias","Na costa (- de 3 milhas)"," ","Nao"," ","0 a 5.000"," "," "," ","0 a 5.000"," "," "," ","Centro de pesca"," "," "," ","1","","Feb 22, 18 12:23","00hn-g6ck-thw", 
32,32,"Horacio","14/02/18 ","Linha de base antes da campanha","Masculino","15 - 20","Solteiro","Pescador simples","Sempre","Nenhuma"," ","Primario completo"," "," "," "," "," "," "," "," "," "," ","Arrasto manual","101 a 200 metros","7 a 9 horas","3 lances","2001 a 3.000 metros","Nao"," "," "," ","6 dias","Na costa (- de 3 milhas)"," ","Nao"," ","6.000 a 10.000"," "," "," ","0 a 5.000"," "," "," ","Centro de pesca"," "," "," ","1","","Feb 22, 18 12:34","c30r-965k-trv", 
33,33,"Horacio","14/02/18 ","Linha de base antes da campanha","Masculino","21 - 30","Solteiro","Pescador simples","Mais de 5 anos","Nenhuma"," ","Secundario Incompleto"," "," "," "," "," "," "," "," "," "," ","Arrasto manual","101 a 200 metros","4 a 6 horas","1 lance","2001 a 3.000 metros","Nao"," "," "," ","6 dias","Na costa (- de 3 milhas)"," ","Nao"," ","6.000 a 10.000"," "," "," ","0 a 5.000"," "," "," ","Centro de pesca"," "," "," ","1","Anuar","Feb 22, 18 13:57","2c1g-86cw-t6c", 
34,34,"Horacio","14/02/18 ","Linha de base antes da campanha","Masculino","41 - 50","Monogamico","Pescador simples","entre 2 a 5 anos","PCR","7 meses a 1 ano","Primario completo"," "," "," "," "," "," "," "," "," "," ","Arrasto manual","101 a 200 metros","7 a 9 horas","3 lances","2001 a 3.000 metros","Nao"," "," "," ","6 dias","Na costa (- de 3 milhas)"," ","Nao"," ","0 a 5.000"," "," "," ","0 a 5.000"," "," "," ","Fora do distrito","+ de 1 km","Carro","500 a 1.000 mtn","1","","Feb 22, 18 14:08","wcy5-36cw-t40", 
35,13,"Horacio","14/02/18 ","Linha de base antes da campanha","Masculino","21 - 30","Divorciado/a","Proprietario de arte de pesca","Sempre","Nenhuma"," ","Primario incompleto"," "," "," "," "," "," "," "," "," "," ","Linha de mao"," ","3 a 4 dias"," "," ","Nao"," "," "," ","1 vez","No alto mar (+ de 3 milhas)"," ","Nao"," "," ","6.000 a 10.000"," "," "," ","0 a 5.000"," "," ","Centro de pesca"," "," "," ","1","","Feb 22, 18 14:14","9cny-96cw-trk", 
36,36,"Horacio","14/02/18 ","Linha de base antes da campanha","Masculino","31 - 40","Monogamico","Pescador simples","Sempre","PCR","2 a 5 anos","Primario completo"," "," "," "," "," "," "," "," "," "," ","Arrasto manual","101 a 200 metros","4 a 6 horas","3 lances","1.001 a 2.000 metros","Nao"," "," "," ","6 dias","Na costa (- de 3 milhas)"," ","Nao"," ","6.000 a 10.000"," "," "," ","0 a 5.000"," "," "," ","Centro de pesca"," "," "," ","1","","Feb 22, 18 14:20","ycpf-86cw-t6r", 
37,37,"Horacio","14/02/18 ","Linha de base antes da campanha","Masculino","21 - 30","Monogamico","Pescador simples","Mais de 5 anos","PCR","2 a 5 anos","Primario incompleto"," "," "," "," "," "," "," "," "," "," ","Arrasto manual","101 a 200 metros","7 a 9 horas","3 lances","2001 a 3.000 metros","Nao"," "," "," ","6 dias","No alto mar (+ de 3 milhas)"," ","Nao"," ","6.000 a 10.000"," "," "," ","0 a 5.000"," "," "," ","Centro de pesca"," "," "," ","1","","Feb 22, 18 14:26","6cjm-96cw-t8v", 
38,38,"Horacio","13/02/18 ","Linha de base antes da campanha","Masculino","31 - 40","Monogamico","Proprietario de arte de pesca","Mais de 5 anos","PCR","2 a 5 anos","Primario incompleto","Jangada","Mistura","1","0 a 1","- de 5 metros","2 a 5 anos","- de 1 tonelada","Remo"," "," ","Linha de mao"," ","1 a 3 horas"," "," ","Nao"," "," "," ","5 dias","Na costa (- de 3 milhas)"," ","Nao"," "," ","26.000 a 30.000"," "," "," ","11.000 a 15.000"," "," ","Centro de pesca"," "," "," ","1","","Feb 22, 18 14:29","ccn1-j6cw-t4j", 
39,39,"Horacio","13/02/18 ","Linha de base antes da campanha","Masculino","21 - 30","Monogamico","Pescador simples","Sempre","CCP; PCR","2 a 5 anos","Primario incompleto"," "," "," "," "," "," "," "," "," "," ","Arrasto manual","101 a 200 metros","7 a 9 horas","1 lance","3001 a 4.000 metros","Nao"," "," "," ","6 dias","Na costa (- de 3 milhas)"," ","Nao"," ","6.000 a 10.000"," "," "," ","0 a 5.000"," "," "," ","Centro de pesca"," "," "," ","1","","Feb 22, 18 14:35","rc1d-56cw-t0f", 
40,40,"Horacio","13/02/18 ","Linha de base antes da campanha","Masculino","21 - 30","Solteiro","Pescador simples","Mais de 5 anos","Nenhuma"," ","Primario completo"," "," "," "," "," "," "," "," "," "," ","Arrasto manual","+ de 200 metros","4 a 6 horas","3 lances","2001 a 3.000 metros","Nao"," "," "," ","5 dias","Na costa (- de 3 milhas)"," ","Nao"," ","16.000 a 20.000"," "," "," ","6.000 a 10.000"," "," "," ","Centro de pesca"," "," "," ","1","","Feb 22, 18 14:40","dcjp-n6cw-tpm", 
41,41,"Horacio","13/02/18 ","Linha de base antes da campanha","Masculino","21 - 30","Monogamico","Pescador simples","Mais de 5 anos","PCR","2 a 5 anos","Secundario Completo"," "," "," "," "," "," "," "," "," "," ","Arrasto manual","+ de 200 metros","7 a 9 horas","1 lance","2001 a 3.000 metros","Nao"," "," "," ","6 dias","Na costa (- de 3 milhas)"," ","Nao"," ","0 a 5.000"," "," "," ","0 a 5.000"," "," "," ","Centro de pesca"," "," "," ","1","","Feb 22, 18 14:45","8c74-46cw-tnp", 
42,42,"Horacio","13/02/18 ","Linha de base antes da campanha","Masculino","21 - 30","Monogamico","Pescador simples","Mais de 5 anos","PCR","2 a 5 anos","Secundario Completo"," "," "," "," "," "," "," "," "," "," ","Arrasto manual","101 a 200 metros","4 a 6 horas","3 lances","1.001 a 2.000 metros","Nao"," "," "," ","6 dias","Na costa (- de 3 milhas)"," ","Nao"," ","6.000 a 10.000"," "," "," ","0 a 5.000"," "," "," ","Centro de pesca"," "," "," ","1","","Feb 22, 18 15:00","2xxk-x6cr-t7c", 
43,43,"Horacio","13/02/18 ","Linha de base antes da campanha","Masculino","31 - 40","Monogamico","Pescador simples","Mais de 5 anos","Nenhuma"," ","Primario incompleto"," "," "," "," "," "," "," "," "," "," ","Arrasto manual","+ de 200 metros","4 a 6 horas","3 lances","2001 a 3.000 metros","Nao"," "," "," ","6 dias","Na costa (- de 3 milhas)"," ","Nao"," ","0 a 5.000"," "," "," ","0 a 5.000"," "," "," ","Centro de pesca"," "," "," ","1","","Feb 22, 18 15:05","5xhw-16cr-td0", 
44,44,"Horacio","13/02/18 ","Linha de base antes da campanha","Masculino","31 - 40","Monogamico","Pescador simples","entre 6 meses a 1 ano","Nenhuma"," ","Primario incompleto"," "," "," "," "," "," "," "," "," "," ","Arrasto manual","101 a 200 metros","4 a 6 horas","3 lances","1.001 a 2.000 metros","Nao"," "," "," ","6 dias","Na costa (- de 3 milhas)"," ","Nao"," ","0 a 5.000"," "," "," ","0 a 5.000"," "," "," ","Centro de pesca"," "," "," ","1","","Feb 22, 18 15:20","6xch-t6cr-t8k", 
45,45,"Horacio","13/02/18 ","Linha de base antes da campanha","Masculino","21 - 30","Solteiro","Pescador simples","entre 6 meses a 1 ano","Nenhuma"," ","Primario completo"," "," "," "," "," "," "," "," "," "," ","Arrasto manual","101 a 200 metros","4 a 6 horas","3 lances","1.001 a 2.000 metros","Nao"," "," "," ","6 dias","Na costa (- de 3 milhas)"," ","Nao"," ","0 a 5.000"," "," "," ","0 a 5.000"," "," "," ","Centro de pesca"," "," "," ","1","","Feb 22, 18 15:31","cx7y-76cr-trr", 
46,46,"Horacio","13/02/18 ","Linha de base antes da campanha","Masculino","21 - 30","Viuvo","Pescador simples","entre 2 a 5 anos","Nenhuma"," ","Primario incompleto"," "," "," "," "," "," "," "," "," "," ","Arrasto manual","101 a 200 metros","4 a 6 horas","3 lances","1.001 a 2.000 metros","Nao"," "," "," ","6 dias","Na costa (- de 3 milhas)"," ","Nao"," ","6.000 a 10.000"," "," "," ","0 a 5.000"," "," "," ","Centro de pesca"," "," "," ","1","","Feb 22, 18 15:35","nxff-36cr-tc8", 
47,47,"Horacio","13/02/18 ","Linha de base antes da campanha","Masculino","41 - 50","Casado","Proprietario de embarcacao","Mais de 5 anos","CCP; Associacao"," ","Secundario Completo","Lancha","Madeira","4","11 a 15","6 a 10 metros","11 a 15 anos","+ de 5 toneladas","Motorizada","Externo","30 cavalos","Linha de mao"," ","3 a 4 dias"," "," ","Sim","Aquisicao pessoal"," ","Bom","1 vez","No alto mar (+ de 3 milhas)","Todos dias que vais pescar","Sim","1","6.000 a 10.000"," "," "," ","0 a 5.000"," "," "," ","Fora do distrito","+ de 1 km","Carro","+ de 9.000 mtn","1","","Feb 22, 18 15:41","6xw7-p6cr-t4v", 
48,48,"Horacio","13/02/18 ","Linha de base antes da campanha","Masculino","31 - 40","Monogamico","Proprietario de embarcacao","Sempre","CCP; PCR","6 a 10 anos","Primario completo","Lancha","Madeira","6","6 a 10","6 a 10 metros","11 a 15 anos","1 a 2 toneladas","Motorizada","Externo","25 cavalos","Linha de mao"," ","3 a 4 dias","2 lances","2001 a 3.000 metros","Sim","Aquisicao pessoal"," ","Bom","1 vez","No alto mar (+ de 3 milhas)","Todos dias que vais pescar","Nao"," ","+ 41.000"," "," "," ","21.000 a 25.000"," "," "," ","Centro de pesca"," "," "," ","1","","Feb 22, 18 15:58","xx9p-16cr-tdt", 
49,49,"Horacio","12/02/18 ","Linha de base antes da campanha","Masculino","31 - 40","Monogamico","Pescador simples","Sempre","Nenhuma"," ","Primario incompleto"," "," "," "," "," "," "," "," "," "," ","Arrasto manual","101 a 200 metros","7 a 9 horas","1 lance","1.001 a 2.000 metros","Nao"," "," "," ","6 dias","Na costa (- de 3 milhas)"," ","Nao"," ","0 a 5.000"," "," "," ","0 a 5.000"," "," "," ","Centro de pesca"," "," "," ","1","","Feb 22, 18 16:09","pxc0-76c9-tf6", 
50,50,"Horacio","12/02/18 ","Linha de base antes da campanha","Masculino","31 - 40","Monogamico","Proprietario de embarcacao e arte de pesca","Sempre","CCP; PCR","6 a 10 anos","Primario incompleto","Lancha","Madeira","7","6 a 10","6 a 10 metros","2 a 5 anos","1 a 2 toneladas","Motorizada","Externo","30 cavalos","Linha de mao"," ","7 a 9 horas"," "," ","Sim","Aquisicao pessoal"," ","Bom","1 vez","No alto mar (+ de 3 milhas)","Todos dias que vais pescar","Nao"," "," ","+ 41.000"," "," "," ","+ 41.000"," "," ","Centro de pesca"," "," "," ","1","","Feb 22, 18 16:27","3079-t6c9-t9c", 
51,51,"Horacio","12/02/18 ","Linha de base antes da campanha","Masculino","31 - 40","Monogamico","Proprietario de embarcacao e arte de pesca","Sempre","CCP; PCR","6 a 10 anos","Primario incompleto","Jangada","Mistura","1","0 a 1","- de 5 metros","6 a 8 anos","- de 1 tonelada","Remo"," "," ","Linha de mao"," ","7 a 9 horas"," "," ","Nao"," "," "," ","6 dias","No alto mar (+ de 3 milhas)"," ","Nao"," "," ","+ 41.000"," "," "," ","31.000 a 40.00"," "," ","Mercado distrital","+ de 1 km","Carro","2.000 a 5.000 mtn","1","","Feb 22, 18 16:49","g062-k6c9-ttr", 
52,52,"Horacio","12/02/18 ","Linha de base antes da campanha","Feminino","21 - 30","Casado","Proprietario de embarcacao","Mais de 5 anos","CCP; PCR"," ","Primario completo","Jangada","Mistura","1","0 a 1","- de 5 metros","6 a 8 anos","- de 1 tonelada","Remo"," "," ","Linha de mao"," ","4 a 6 horas"," "," ","Nao"," "," "," ","5 dias","No alto mar (+ de 3 milhas)"," ","Nao"," "," ","16.000 a 20.000"," "," "," ","6.000 a 10.000"," "," ","Mercado distrital"," "," "," ","1","","Feb 22, 18 17:04","w0ht-r6c9-td8", 
53,53,"Horacio","12/02/18 ","Linha de base antes da campanha","Masculino","15 - 20","Monogamico","Pescador simples","Mais de 5 anos","Nenhuma"," ","Primario incompleto"," "," "," "," "," "," "," "," "," "," ","Arrasto manual","101 a 200 metros","4 a 6 horas","2 lances","1.001 a 2.000 metros","Nao"," "," "," ","6 dias","Na costa (- de 3 milhas)"," ","Nao"," ","0 a 5.000"," "," "," ","0 a 5.000"," "," "," ","Centro de pesca"," "," "," ","1","","Feb 22, 18 17:13","f07p-86c9-t8v", 
54,54,"Horacio","12/02/18 ","Linha de base antes da campanha","Feminino","31 - 40","Viuvo","Proprietario de embarcacao e arte de pesca","Mais de 5 anos","CCP; PCR","6 a 10 anos","Primario incompleto","Jangada","Mistura","1","0 a 1","- de 5 metros","2 a 5 anos","- de 1 tonelada","Remo"," "," ","Linha de mao"," ","7 a 9 horas"," "," ","Nao"," "," "," ","6 dias","No alto mar (+ de 3 milhas)"," ","Nao"," "," ","+ 41.000"," "," "," ","+ 41.000"," "," ","Fora do distrito"," ","Carro","2.000 a 5.000 mtn","1","Anuar","Feb 23, 18 08:10","5517-j621-tfk", 
55,55,"Horacio","12/02/18 ","Linha de base antes da campanha","Feminino","31 - 40","Casado","Proprietario de embarcacao","Mais de 5 anos","CCP; PCR","6 a 10 anos","Secundario Completo","Jangada","Mistura","1","0 a 1","- de 5 metros","2 a 5 anos","- de 1 tonelada","Remo"," "," ","Linha de mao"," ","4 a 6 horas"," "," ","Nao"," "," "," ","7 dias","Na costa (- de 3 milhas)"," ","Nao"," "," ","31.000 a 40.00"," "," "," ","16.000 a 20.000"," "," ","Fora do distrito","+ de 1 km","Carro","500 a 1.000 mtn","1","","Feb 23, 18 08:20","75xd-n621-tyg", 
56,56,"Horacio","12/02/18 ","Linha de base antes da campanha","Masculino","21 - 30","Casado","Proprietario de embarcacao","Sempre","Nenhuma"," ","Primario completo","Jangada","Mistura","1","0 a 1","- de 5 metros","2 a 5 anos","- de 1 tonelada","Remo"," "," ","Linha de mao"," ","4 a 6 horas"," "," ","Nao"," "," "," ","5 dias","Na costa (- de 3 milhas)"," ","Nao"," "," ","31.000 a 40.00"," "," "," ","11.000 a 15.000"," "," ","Centro de pesca"," "," "," ","1","","Feb 23, 18 08:24","d5v6-y621-tmh", 
57,57,"Horacio","12/02/18 ","Linha de base antes da campanha","Masculino","21 - 30","Solteiro","Proprietario de arte de pesca","Sempre","Nenhuma"," ","Secundario Incompleto","Jangada","Mistura","1","0 a 1","- de 5 metros","2 a 5 anos","- de 1 tonelada","Remo"," "," ","Linha de mao"," ","4 a 6 horas"," "," ","Nao"," "," "," ","7 dias","Na costa (- de 3 milhas)"," ","Nao"," "," ","31.000 a 40.00"," "," "," ","6.000 a 10.000"," "," ","Centro de pesca"," "," "," ","1","","Feb 23, 18 08:32","r5gc-r62t-tk5", 
58,58,"Horacio","12/02/18 ","Linha de base antes da campanha","Masculino","31 - 40","Casado","Pescador simples","Mais de 5 anos","CCP; PCR","6 a 10 anos","Primario incompleto"," "," "," "," "," "," "," "," "," "," ","Arrasto manual","101 a 200 metros","7 a 9 horas","3 lances","1.001 a 2.000 metros","Nao"," "," "," ","6 dias","Na costa (- de 3 milhas)"," ","Nao"," ","0 a 5.000"," "," "," ","0 a 5.000"," "," "," ","Centro de pesca"," "," "," ","1","","Feb 23, 18 08:38","x5y0-362t-t3y", 
59,59,"Horacio","12/02/18 ","Linha de base antes da campanha","Masculino","41 - 50","Casado","Pescador simples","Sempre","PCR"," ","Primario incompleto"," "," "," "," "," "," "," "," "," "," ","Arrasto manual","101 a 200 metros","7 a 9 horas","2 lances","2001 a 3.000 metros","Nao"," "," "," ","6 dias","Na costa (- de 3 milhas)"," ","Nao"," ","0 a 5.000"," "," "," ","0 a 5.000"," "," "," ","Centro de pesca"," "," "," ","1","","Feb 23, 18 08:45","k5n3-j62t-t5f", 
60,60,"Horacio","12/02/18 ","Linha de base antes da campanha","Masculino","31 - 40","Casado","Proprietario de arte de pesca","Sempre","CCP; PCR","2 a 5 anos","Primario incompleto","Jangada","Mistura","1","0 a 1","- de 5 metros","2 a 5 anos","- de 1 tonelada","Remo"," "," ","Linha de mao"," ","1 dia"," "," ","Nao"," "," "," ","7 dias","Na costa (- de 3 milhas)"," ","Nao"," "," ","+ 41.000"," "," "," ","11.000 a 15.000"," "," ","Centro de pesca"," "," "," ","1","","Feb 23, 18 08:49","h5mw-062t-tym", 
61,61,"Horacio","12/02/18 ","Linha de base antes da campanha","Masculino","31 - 40","Solteiro","Proprietario de arte de pesca","Sempre","CCP; PCR","2 a 5 anos","Primario completo","Jangada","Mistura","1","0 a 1","- de 5 metros","2 a 5 anos","- de 1 tonelada","Remo"," "," ","Linha de mao"," ","7 a 9 horas"," "," ","Nao"," "," "," ","7 dias","Na costa (- de 3 milhas)"," ","Nao"," "," ","31.000 a 40.00"," "," "," ","6.000 a 10.000"," "," ","Centro de pesca"," "," "," ","1","","Feb 23, 18 08:55","v5f9-062t-t6t", 
62,62,"Horacio","21/02/18 ","Linha de base antes da campanha","Masculino","21 - 30","Casado","Pescador simples","Mais de 5 anos","Nenhuma"," ","Secundario Incompleto"," "," "," "," "," "," "," "," "," "," ","Arrasto manual","101 a 200 metros","7 a 9 horas","2 lances","1.001 a 2.000 metros","Nao"," "," "," ","6 dias","Na costa (- de 3 milhas)"," ","Nao"," ","0 a 5.000"," "," "," ","0 a 5.000"," "," "," ","Centro de pesca"," "," "," ","1","","Feb 23, 18 09:05","j5gh-v62t-th6", 
63,63,"Horacio","21/02/18 ","Linha de base antes da campanha","Feminino","21 - 30","Solteiro","Proprietario de embarcacao","Mais de 5 anos","CCP; PCR","2 a 5 anos","Secundario Incompleto","Jangada","Mistura","1","0 a 1","- de 5 metros","2 a 5 anos","- de 1 tonelada","Remo"," "," ","Linha de mao"," ","7 a 9 horas"," "," ","Nao"," "," "," ","6 dias","Na costa (- de 3 milhas)"," ","Nao"," "," ","6.000 a 10.000"," "," "," ","6.000 a 10.000"," "," ","Fora do distrito"," "," "," ","1","","Feb 23, 18 09:11","yjg5-y62t-tkc", 
64,64,"Horacio","21/02/18 ","Linha de base antes da campanha","Masculino","21 - 30","Casado","Pescador simples","Sempre","CCP","7 meses a 1 ano","Secundario Incompleto"," "," "," "," "," "," "," "," "," "," ","Arrasto manual","101 a 200 metros","7 a 9 horas","3 lances","1.001 a 2.000 metros","Nao"," "," "," ","6 dias","Na costa (- de 3 milhas)"," ","Nao"," ","0 a 5.000"," "," "," ","0 a 5.000"," "," "," ","Centro de pesca"," "," "," ","1","","Feb 23, 18 09:19","hjr2-062t-tp3", 
65,65,"Horacio","21/02/18 ","Linha de base antes da campanha","Masculino","41 - 50","Casado","Proprietario de arte de pesca","Mais de 5 anos","Nenhuma"," ","Primario incompleto","Jangada","Mistura","1","0 a 1","- de 5 metros","2 a 5 anos","- de 1 tonelada","Remo"," "," ","Linha de mao"," ","7 a 9 horas"," "," ","Nao"," "," "," ","6 dias","Na costa (- de 3 milhas)"," ","Nao"," "," ","16.000 a 20.000"," "," "," ","6.000 a 10.000"," "," ","Centro de pesca"," "," "," ","1","","Feb 23, 18 09:25","2ck7-g6ct-tnw", 
66,66,"Horacio","20/02/18 ","Linha de base antes da campanha","Masculino","31 - 40","Casado","Proprietario de embarcacao","Mais de 5 anos","CCP; PCR","11 a 20 anos","Primario completo","Lancha","Madeira","4","6 a 10","6 a 10 metros","6 a 8 anos","1 a 2 toneladas","Motorizada","Externo","30 cavalos","Linha de mao"," ","3 a 4 dias"," "," ","Sim","Aquisicao pessoal"," ","Bom","5 dias","No alto mar (+ de 3 milhas)","Todos dias que vais pescar","Sim","1"," ","+ 41.000"," "," "," ","16.000 a 20.000"," "," ","Centro de pesca"," "," "," ","1","","Feb 23, 18 09:31","1c41-k6ct-tg9", 
67,67,"Horacio","21/02/18 ","Linha de base antes da campanha","Masculino","21 - 30","Casado","Pescador simples","Sempre","Nenhuma"," ","Secundario Incompleto"," "," "," "," "," "," "," "," "," "," ","Arrasto manual","101 a 200 metros","7 a 9 horas","3 lances","3001 a 4.000 metros","Nao"," "," "," ","5 dias","Na costa (- de 3 milhas)"," ","Nao"," ","0 a 5.000"," "," "," ","0 a 5.000"," "," "," ","Mercado distrital","+ de 1 km","A pe"," ","1","","Feb 23, 18 09:44","1cnp-16ct-tw8", 
68,68,"Horacio","21/02/18 ","Linha de base antes da campanha","Masculino","21 - 30","Casado","Pescador simples","Mais de 5 anos","Nenhuma"," ","Secundario Incompleto"," "," "," "," "," "," "," "," "," "," ","Arrasto manual","+ de 200 metros","7 a 9 horas","1 lance","3001 a 4.000 metros","Nao"," "," "," ","6 dias","Na costa (- de 3 milhas)"," ","Nao"," ","0 a 5.000"," "," "," ","0 a 5.000"," "," "," ","Centro de pesca"," "," "," ","1","anuar","Feb 23, 18 10:01","yc83-56cd-t1v", 
69,69,"Herculano","15/02/18 ","Linha de base antes da campanha","Masculino","21 - 30","Divorciado/a","Pescador simples","Sempre","CCP","2 a 5 anos","Secundario Completo","Lancha","Madeira","4","6 a 10","6 a 10 metros","6 a 8 anos","1 a 2 toneladas","Motorizada","Externo","25 cavalos","Linha de mao"," ","7 a 9 horas"," "," ","Sim","Credito do estado (FFP)","Pagou todo valor","Bom","1 vez","No alto mar (+ de 3 milhas)","Todos dias que vais pescar","Sim","1"," ","26.000 a 30.000"," "," "," ","11.000 a 15.000"," "," ","Centro de pesca"," "," "," ","1","","Feb 23, 18 10:34","tc8y-16cd-th7", 
70,70,"Herculano","14/02/18 ","Linha de base antes da campanha","Masculino","21 - 30","Casado","Pescador simples","Mais de 5 anos","Nenhuma"," ","Primario incompleto","Jangada","Mistura","1","0 a 1","- de 5 metros","2 a 5 anos","- de 1 tonelada","Remo"," "," ","Linha de mao"," ","7 a 9 horas"," "," ","Nao"," "," "," ","7 dias","Na costa (- de 3 milhas)"," ","Nao"," "," ","6.000 a 10.000"," "," "," ","0 a 5.000"," "," ","Centro de pesca"," "," "," ","1","","Feb 23, 18 10:51","9c6t-f6cd-tg1", 
71,71,"Herculano","16/02/18 ","Linha de base antes da campanha","Masculino","21 - 30","Solteiro","Pescador simples","Sempre","CCP","7 meses a 1 ano","Primario incompleto","Jangada","Mistura","1","0 a 1","- de 5 metros","2 a 5 anos","- de 1 tonelada","Remo"," "," ","Linha de mao"," ","7 a 9 horas"," "," ","Nao"," "," "," ","5 dias","Na costa (- de 3 milhas)"," ","Nao"," "," ","6.000 a 10.000"," "," "," ","0 a 5.000"," "," ","Centro de pesca"," "," "," ","1","","Feb 23, 18 11:01","9c14-x6cd-tgd", 
72,72,"Herculano","13/02/18 ","Linha de base antes da campanha","Masculino","+ 60","Casado","Pescador simples","Mais de 5 anos","CCP","2 a 5 anos","Primario incompleto","Lancha","Fibra de vidro","4","2 a 5","6 a 10 metros","+ de 16 anos","1 a 2 toneladas","Motorizada","Externo","15 cavalos","Linha de mao"," ","1 a 3 horas"," "," ","Nao"," "," "," ","5 dias","No alto mar (+ de 3 milhas)","Todos dias que vais pescar","Sim","1","0 a 5.000"," "," "," ","0 a 5.000"," "," "," ","Centro de pesca"," "," "," ","1","","Feb 23, 18 11:06","xcmc-y6c6-tdp", 
73,73,"Herculano","08/02/18 ","Linha de base antes da campanha","Masculino","21 - 30","Casado","Pescador simples","Sempre","CCP","11 a 20 anos","Secundario Incompleto","Jangada","Mistura","1","0 a 1","- de 5 metros","2 a 5 anos","- de 1 tonelada","Remo"," "," ","Linha de mao"," ","7 a 9 horas"," "," ","Nao"," "," "," ","6 dias","Na costa (- de 3 milhas)"," ","Nao"," "," ","26.000 a 30.000"," "," "," ","16.000 a 20.000"," "," ","Centro de pesca"," "," "," ","1","","Feb 23, 18 11:19","3xrk-n6c6-twc", 
74,74,"Herculano","08/02/18 ","Linha de base antes da campanha","Masculino","21 - 30","Casado","Pescador simples","Mais de 5 anos","CCP","2 a 5 anos","Primario incompleto","Jangada","Mistura","1","0 a 1","- de 5 metros","11 a 15 anos","- de 1 tonelada","Remo"," "," ","Linha de mao"," ","7 a 9 horas"," "," ","Nao"," "," "," ","7 dias","No alto mar (+ de 3 milhas)"," ","Nao"," "," ","6.000 a 10.000"," "," "," ","0 a 5.000"," "," ","Centro de pesca"," "," "," ","1","","Feb 23, 18 11:26","pxmr-j6c6-tr0", 
75,75,"Herculano","08/02/18 ","Linha de base antes da campanha","Masculino","31 - 40","Casado","Pescador simples","Mais de 5 anos","PCR","2 a 5 anos","Primario incompleto","Jangada","Mistura","1","0 a 1","- de 5 metros","+ de 16 anos","- de 1 tonelada","Remo"," "," ","Linha de mao"," ","7 a 9 horas"," "," ","Nao"," "," "," ","6 dias","Na costa (- de 3 milhas)"," ","Sim","1"," ","+ 41.000"," "," "," ","26.000 a 30.000"," "," ","Centro de pesca"," "," "," ","1","","Feb 23, 18 11:35","jx88-t6c6-txk", 
76,76,"Herculano","08/02/18 ","Linha de base antes da campanha","Masculino","41 - 50","Casado","Pescador simples","Mais de 5 anos","Nenhuma"," ","Nunca estudou","Jangada","Mistura","1","0 a 1","- de 5 metros","6 a 8 anos","- de 1 tonelada","Remo"," "," ","Linha de mao"," ","1 dia"," "," ","Nao"," "," "," ","7 dias","Na costa (- de 3 milhas)"," ","Nao"," "," ","21.000 a 25.000"," "," "," ","11.000 a 15.000"," "," ","Centro de pesca"," "," "," ","1","","Feb 23, 18 11:42","kxw5-n6c6-t2r", 
77,77,"Herculano","08/02/18 ","Linha de base antes da campanha","Masculino","31 - 40","Casado","Proprietario de arte de pesca","Sempre","CCP","2 a 5 anos","Nunca estudou","Jangada","Mistura","1","0 a 1","- de 5 metros","6 a 8 anos","- de 1 tonelada","Remo"," "," ","Linha de mao"," ","4 a 6 horas"," "," ","Nao"," "," "," ","7 dias","No alto mar (+ de 3 milhas)"," ","Nao"," "," ","11.000 a 15.000"," "," "," ","6.000 a 10.000"," "," ","Centro de pesca"," "," "," ","1","","Feb 23, 18 12:13","6x76-76c6-tr8", 
78,78,"Herculano","08/02/18 ","Linha de base antes da campanha","Masculino","31 - 40","Casado","Proprietario de arte de pesca","Sempre","CCP","11 a 20 anos","Primario completo","Jangada","Mistura","1","0 a 1","- de 5 metros","6 a 8 anos","- de 1 tonelada","Remo"," "," ","Linha de mao"," ","7 a 9 horas"," "," ","Nao"," "," "," ","7 dias","Na costa (- de 3 milhas)"," ","Nao"," "," ","21.000 a 25.000"," "," "," ","6.000 a 10.000"," "," ","Centro de pesca"," "," "," ","1","","Feb 23, 18 12:22","tx8c-m6cp-t0v", 
79,79,"Herculano","08/02/18 ","Linha de base antes da campanha","Masculino","31 - 40","Casado","Proprietario de embarcacao e arte de pesca","Mais de 5 anos","PCR","2 a 5 anos","Secundario Incompleto","Lancha","Madeira","7","6 a 10","6 a 10 metros","6 a 8 anos","1 a 2 toneladas","Motorizada","Externo","30 cavalos","Linha de mao"," ","3 a 4 dias"," "," ","Sim","Aquisicao pessoal"," ","Muito bom","1 vez","No alto mar (+ de 3 milhas)","Todos dias que vais pescar","Nao"," "," ","+ 41.000"," "," "," ","+ 41.000"," "," ","Centro de pesca"," "," "," ","1","","Feb 23, 18 12:42","5xmr-j6cp-tyf", 
80,80,"Herculano","09/02/18 ","Linha de base antes da campanha","Masculino","31 - 40","Casado","Proprietario de embarcacao","Sempre","CCP","2 a 5 anos","Nunca estudou","Jangada","Mistura","1","0 a 1","- de 5 metros","2 a 5 anos","- de 1 tonelada","Remo"," "," ","Linha de mao"," ","4 a 6 horas"," "," ","Nao"," "," "," ","7 dias","Na costa (- de 3 milhas)"," ","Nao"," "," ","0 a 5.000"," "," "," ","0 a 5.000"," "," ","Centro de pesca"," "," "," ","1","","Feb 23, 18 14:17","rxcj-c6c4-tx4", 
81,81,"Herculano","09/02/18 ","Linha de base antes da campanha","Masculino","21 - 30","Solteiro","Proprietario de embarcacao","Sempre","CCP","2 a 5 anos","Secundario Incompleto","Jangada","Mistura","1","0 a 1","- de 5 metros","2 a 5 anos","- de 1 tonelada","Remo"," "," ","Linha de mao"," ","4 a 6 horas"," "," ","Nao"," "," "," ","7 dias","Na costa (- de 3 milhas)"," ","Nao"," "," ","11.000 a 15.000"," "," "," ","6.000 a 10.000"," "," ","Centro de pesca"," "," "," ","1","","Feb 23, 18 14:24","f0n2-56c4-tyx", 
82,82,"Herculano","09/02/18 ","Linha de base antes da campanha","Masculino","21 - 30","Casado","Proprietario de arte de pesca","Sempre","CCP","2 a 5 anos","Secundario Completo","Jangada","Mistura","1","0 a 1","- de 5 metros","- de 1 ano","- de 1 tonelada","Remo"," "," ","Linha de mao"," ","4 a 6 horas"," "," ","Nao"," "," "," ","7 dias","Na costa (- de 3 milhas)"," ","Nao"," "," ","0 a 5.000"," "," "," ","0 a 5.000"," "," ","Centro de pesca"," "," "," ","1","","Feb 23, 18 14:31","g017-26c4-t4n", 
83,83,"Herculano","09/02/18 ","Linha de base antes da campanha","Masculino","31 - 40","Divorciado/a","Pescador simples","Sempre","CCP","7 meses a 1 ano","Primario incompleto","Jangada","Mistura","1","0 a 1","- de 5 metros","2 a 5 anos","- de 1 tonelada","Remo"," "," ","Linha de mao"," ","7 a 9 horas"," "," ","Nao"," "," "," ","7 dias","Na costa (- de 3 milhas)"," ","Nao"," "," ","0 a 5.000"," "," "," ","0 a 5.000"," "," ","Centro de pesca"," "," "," ","1","","Feb 23, 18 14:37","30h1-f6c4-tww", 
84,84,"Herculano","09/02/18 ","Linha de base antes da campanha","Masculino","21 - 30","Casado","Pescador simples","Sempre","CCP"," ","Primario completo","Jangada","Mistura","1","0 a 1","- de 5 metros","2 a 5 anos","- de 1 tonelada","Remo"," "," ","Linha de mao"," ","7 a 9 horas"," "," ","Nao"," "," "," ","7 dias","Na costa (- de 3 milhas)"," ","Nao"," "," ","0 a 5.000"," "," "," ","0 a 5.000"," "," ","Centro de pesca"," "," "," ","1","","Feb 23, 18 14:44","h0w6-r6c4-th9", 
85,85,"Herculano","09/02/18 ","Linha de base antes da campanha","Masculino","21 - 30","Casado","Pescador simples","Sempre","Nenhuma"," ","Primario incompleto","Jangada","Mistura","1","0 a 1","- de 5 metros","- de 1 ano","- de 1 tonelada","Remo"," "," ","Linha de mao"," ","4 a 6 horas"," "," ","Nao"," "," "," ","7 dias","Na costa (- de 3 milhas)"," ","Nao"," "," ","0 a 5.000"," "," "," ","0 a 5.000"," "," ","Centro de pesca"," "," "," ","1","","Feb 23, 18 14:51","40d4-f6c4-td8", 
86,86,"Herculano","09/02/18 ","Linha de base antes da campanha","Masculino","21 - 30","Solteiro","Proprietario de embarcacao","Sempre","CCP","2 a 5 anos","Primario incompleto","Jangada","Mistura","1","0 a 1","- de 5 metros","- de 1 ano","- de 1 tonelada","Remo"," "," ","Linha de mao"," ","4 a 6 horas"," "," ","Nao"," "," "," ","7 dias","Na costa (- de 3 milhas)"," ","Nao"," "," ","6.000 a 10.000"," "," "," ","0 a 5.000"," "," ","Centro de pesca"," "," "," ","1","","Feb 23, 18 14:55","w0hx-06cc-ddv", 
87,87,"Herculano","09/02/18 ","Linha de base antes da campanha","Masculino","21 - 30","Casado","Proprietario de embarcacao e arte de pesca","Sempre","CCP","7 meses a 1 ano","Nunca estudou","Jangada","Mistura","1","0 a 1","- de 5 metros","- de 1 ano","- de 1 tonelada","Remo"," "," ","Linha de mao"," ","4 a 6 horas"," "," ","Nao"," "," "," ","7 dias","Na costa (- de 3 milhas)"," ","Nao"," "," ","6.000 a 10.000"," "," "," ","0 a 5.000"," "," ","Centro de pesca"," "," "," ","1","","Feb 23, 18 15:10","20jk-66cc-d1j", 
88,88,"Herculano","09/02/18 ","Linha de base antes da campanha","Masculino","21 - 30","Solteiro","Pescador simples","Sempre","CCP","2 a 5 anos","Primario incompleto","Jangada","Mistura","1","0 a 1","- de 5 metros","6 a 8 anos","- de 1 tonelada","Remo"," "," ","Linha de mao"," ","7 a 9 horas"," "," ","Nao"," "," "," ","7 dias","Na costa (- de 3 milhas)"," ","Nao"," "," ","6.000 a 10.000"," "," "," ","0 a 5.000"," "," ","Centro de pesca"," "," "," ","1","","Feb 23, 18 15:25","j03h-96cc-dj2", 
89,90,"Herculano","09/02/18 ","Linha de base antes da campanha","Masculino","31 - 40","Casado","Pescador simples","Sempre","CCP","2 a 5 anos","Primario incompleto","Jangada","Mistura","1","0 a 1","- de 5 metros","2 a 5 anos","- de 1 tonelada","Remo"," "," ","Linha de mao"," ","7 a 9 horas"," "," ","Nao"," "," "," ","7 dias","Na costa (- de 3 milhas)"," ","Nao"," "," ","31.000 a 40.00"," "," "," ","16.000 a 20.000"," "," ","Centro de pesca"," "," "," ","1","","Feb 23, 18 15:32","10w5-56cc-dx7", 
90,90,"Herculano","09/02/18 ","Linha de base antes da campanha","Masculino","21 - 30","Solteiro","Pescador simples","Sempre","CCP","2 a 5 anos","Primario incompleto","Jangada","Mistura","1","0 a 1","- de 5 metros","2 a 5 anos","- de 1 tonelada","Remo"," "," ","Linha de mao"," ","4 a 6 horas"," "," ","Nao"," "," "," ","7 dias","Na costa (- de 3 milhas)"," ","Nao"," "," ","6.000 a 10.000"," "," "," ","6.000 a 10.000"," "," ","Centro de pesca"," "," "," ","1","","Feb 23, 18 15:38","30xy-76cc-dft", 
91,91,"Herculano","09/02/18 ","Linha de base antes da campanha","Masculino","21 - 30","Casado","Pescador simples","Mais de 5 anos","Nenhuma"," ","Primario incompleto","Jangada","Mistura","1","0 a 1","- de 5 metros","2 a 5 anos","- de 1 tonelada","Remo"," "," ","Linha de mao"," ","4 a 6 horas"," "," ","Nao"," "," "," ","7 dias","Na costa (- de 3 milhas)"," ","Nao"," "," ","6.000 a 10.000"," "," "," ","0 a 5.000"," "," ","Centro de pesca"," "," "," ","1","","Feb 23, 18 15:43","g0wf-r6cc-dh6", 
92,92,"Herculano","09/02/18 ","Linha de base antes da campanha","Masculino","15 - 20","Solteiro","Pescador simples","Sempre","CCP","2 a 5 anos","Primario completo","Jangada","Mistura","1","0 a 1","- de 5 metros","2 a 5 anos","- de 1 tonelada","Remo"," "," ","Linha de mao"," ","1 a 3 horas"," "," ","Nao"," "," "," ","7 dias","Na costa (- de 3 milhas)"," ","Nao"," "," ","6.000 a 10.000"," "," "," ","0 a 5.000"," "," ","Centro de pesca"," "," "," ","1","","Feb 23, 18 15:48","00pm-x6cc-dw4", 
93,93,"Herculano","07/02/18 ","Linha de base antes da campanha","Masculino","31 - 40","Casado","Proprietario de embarcacao e arte de pesca","Sempre","CCP","11 a 20 anos","Primario completo","Lancha","Madeira","7","6 a 10","6 a 10 metros","2 a 5 anos","1 a 2 toneladas","Motorizada","Externo","30 cavalos","Linha de mao"," ","3 a 4 dias"," "," ","Sim","Aquisicao pessoal"," ","Muito bom","1 vez","No alto mar (+ de 3 milhas)","Todos dias que vais pescar","Sim","1"," ","+ 41.000"," "," "," ","21.000 a 25.000"," "," ","Centro de pesca"," "," "," ","1","","Feb 23, 18 15:56","1n6t-f6cc-d2x", 
94,94,"Herculano","07/02/18 ","Linha de base antes da campanha","Masculino","31 - 40","Casado","Proprietario de embarcacao e arte de pesca","Sempre","CCP; PCR","11 a 20 anos","Primario incompleto","Lancha","Madeira","3","6 a 10","6 a 10 metros","6 a 8 anos","1 a 2 toneladas","Motorizada","Externo","30 cavalos","Linha de mao"," ","3 a 4 dias"," "," ","Sim","Aquisicao pessoal"," "," ","1 vez","No alto mar (+ de 3 milhas)"," ","Sim","1"," ","+ 41.000"," "," "," ","31.000 a 40.00"," "," ","Centro de pesca"," "," "," ","1","","Feb 23, 18 16:01","0n96-j6cc-dh3", 
95,95,"Herculano","07/02/18 ","Linha de base antes da campanha","Masculino","21 - 30","Casado","Proprietario de embarcacao e arte de pesca","Sempre","CCP","6 a 10 anos","Primario completo","Lancha","Madeira","5","6 a 10","6 a 10 metros","6 a 8 anos","1 a 2 toneladas","Vela"," "," ","Linha de mao"," ","7 a 9 horas"," "," ","Nao"," "," "," ","5 dias","No alto mar (+ de 3 milhas)"," ","Nao"," "," ","+ 41.000"," "," ","+ 41.000"," "," "," ","Centro de pesca"," "," "," ","1","","Feb 23, 18 16:07","wn34-j6cc-d0w", 
96,97,"Herculano","07/02/18 ","Linha de base antes da campanha","Masculino","31 - 40","Monogamico","Proprietario de embarcacao e arte de pesca","Sempre","CCP","6 a 10 anos","Primario incompleto","Chata","Madeira","4","6 a 10","6 a 10 metros","6 a 8 anos","1 a 2 toneladas","Motorizada","Externo","30 cavalos","Arrasto manual","101 a 200 metros","4 a 6 horas","2 lances","2001 a 3.000 metros","Sim","Aquisicao pessoal"," ","Bom","6 dias","Na costa (- de 3 milhas)","Todos dias que vais pescar","Nao"," ","+ 41.000"," "," "," ","+ 41.000"," "," "," ","Centro de pesca"," "," "," ","1","","Feb 23, 18 16:15","tnw0-96cx-dyg", 
97,97,"Herculano","07/02/18 ","Linha de base antes da campanha","Masculino","21 - 30","Casado","Pescador simples","Mais de 5 anos","CCP","6 a 10 anos","Primario completo","Jangada","Mistura","1","0 a 1","- de 5 metros","2 a 5 anos","- de 1 tonelada","Remo"," "," ","Linha de mao"," ","7 a 9 horas"," "," ","Nao"," "," "," ","7 dias","Na costa (- de 3 milhas)"," ","Nao"," "," ","16.000 a 20.000"," "," "," ","6.000 a 10.000"," "," ","Centro de pesca"," "," "," ","1","","Feb 23, 18 16:23","wngk-36cx-dxh", 
98,98,"Herculano","07/02/18 ","Linha de base antes da campanha","Masculino","21 - 30","Casado","Proprietario de embarcacao","Sempre","CCP","6 a 10 anos","Secundario Incompleto","Jangada","Mistura","1","0 a 1","- de 5 metros","6 a 8 anos","- de 1 tonelada","Remo"," "," ","Linha de mao"," ","7 a 9 horas"," "," ","Nao"," "," "," ","6 dias","Na costa (- de 3 milhas)"," ","Nao"," "," ","+ 41.000"," "," "," ","+ 41.000"," "," ","Centro de pesca"," "," "," ","1","","Feb 23, 18 16:26","8ndw-c6cx-dv5", 
99,99,"Herculano","07/02/18 ","Linha de base antes da campanha","Masculino","31 - 40","Casado","Proprietario de embarcacao","Sempre","CCP","2 a 5 anos","Primario completo","Jangada","Mistura","1","0 a 1","- de 5 metros","6 a 8 anos","- de 1 tonelada","Remo"," "," ","Linha de mao"," ","7 a 9 horas"," "," ","Nao"," "," "," ","7 dias","Na costa (- de 3 milhas)"," ","Nao"," "," ","6.000 a 10.000"," "," "," ","16.000 a 20.000"," "," ","Centro de pesca"," "," "," ","1","","Feb 23, 18 16:29","ynvw-46cx-d32", 
100,100,"Herculano","07/02/18 ","Linha de base antes da campanha","Masculino","31 - 40","Casado","Pescador simples","Sempre","CCP","2 a 5 anos","Nunca estudou","Jangada","Mistura","1","0 a 1","- de 5 metros","6 a 8 anos","- de 1 tonelada","Remo"," "," ","Linha de mao"," ","4 a 6 horas"," "," ","Nao"," "," "," ","6 dias","Na costa (- de 3 milhas)"," ","Nao"," "," ","16.000 a 20.000"," "," "," ","6.000 a 10.000"," "," ","Centro de pesca"," "," "," ","1","","Feb 23, 18 16:33","2nv9-86cx-d57", 
101,101,"Herculano","08/02/18 ","Linha de base antes da campanha","Masculino","15 - 20","Solteiro","Pescador simples","Sempre","Nenhuma"," ","Secundario Completo","Lancha","Madeira","6","6 a 10","6 a 10 metros","2 a 5 anos","1 a 2 toneladas","Motorizada","Externo","25 cavalos","Linha de mao"," ","3 a 4 dias"," "," ","Nao"," "," ","Bom","1 vez","No alto mar (+ de 3 milhas)","Todos dias que vais pescar","Nao"," "," ","+ 41.000"," "," "," ","+ 41.000"," "," ","Centro de pesca"," "," "," ","1","anuar","Feb 24, 18 07:10","vctt-f6cv-dfx", 
102,102,"Herculano","08/02/18 ","Linha de base antes da campanha","Masculino","21 - 30","Casado","Proprietario de arte de pesca","Sempre","CCP","2 a 5 anos","Primario completo","Lancha","Madeira","6","6 a 10","6 a 10 metros","2 a 5 anos","1 a 2 toneladas","Motorizada","Externo","15 cavalos","Linha de mao"," ","3 a 4 dias"," "," ","Nao"," "," ","Bom","1 vez","No alto mar (+ de 3 milhas)","Todos dias que vais pescar","Nao"," "," ","+ 41.000"," "," "," ","+ 41.000"," "," ","Centro de pesca"," "," "," ","1","","Feb 24, 18 07:15","dcd6-y6cv-dgn", 
103,103,"Herculano","10/02/18 ","Linha de base antes da campanha","Masculino","31 - 40","Casado","Proprietario de arte de pesca","Sempre","CCP; PCR","6 a 10 anos","Primario completo","Lancha","Madeira","7","6 a 10","6 a 10 metros","2 a 5 anos","1 a 2 toneladas","Motorizada","Externo","25 cavalos","Linha de mao"," ","3 a 4 dias"," "," ","Nao"," "," ","Bom","1 vez","No alto mar (+ de 3 milhas)","Todos dias que vais pescar","Nao"," "," ","+ 41.000"," "," "," ","+ 41.000"," "," ","Centro de pesca"," "," "," ","1","","Feb 24, 18 07:21","7c54-26cv-d6w", 
104,104,"Herculano","10/02/18 ","Linha de base antes da campanha","Masculino","41 - 50","Solteiro","Proprietario de arte de pesca","Sempre","CCP","6 a 10 anos","Primario incompleto","Jangada","Mistura","1","0 a 1","- de 5 metros","11 a 15 anos","- de 1 tonelada","Remo"," "," ","Linha de mao"," ","7 a 9 horas"," "," ","Nao"," "," "," ","7 dias","Na costa (- de 3 milhas)"," ","Nao"," "," ","11.000 a 15.000"," "," "," ","6.000 a 10.000"," "," ","Centro de pesca"," "," "," ","1","","Feb 24, 18 07:25","wcrc-p6c5-d39", 
105,105,"Herculano","10/02/18 ","Linha de base antes da campanha","Masculino","31 - 40","Casado","Proprietario de arte de pesca","Sempre","CCP","2 a 5 anos","Primario completo","Jangada","Mistura","1","0 a 1","- de 5 metros","2 a 5 anos","- de 1 tonelada","Remo"," "," ","Linha de mao"," ","4 a 6 horas"," "," ","Nao"," "," "," ","7 dias","Na costa (- de 3 milhas)"," ","Nao"," "," ","16.000 a 20.000"," "," "," ","6.000 a 10.000"," "," ","Centro de pesca"," "," "," ","1","","Feb 24, 18 07:29","xcy0-n6c5-dw8", 
106,106,"Herculano","10/02/18 ","Linha de base antes da campanha","Masculino","21 - 30","Casado","Proprietario de arte de pesca","Mais de 5 anos","CCP","2 a 5 anos","Primario incompleto","Jangada","Mistura","1","0 a 1","- de 5 metros","6 a 8 anos","- de 1 tonelada","Remo"," "," ","Linha de mao"," ","4 a 6 horas"," "," ","Nao"," "," "," ","7 dias","Na costa (- de 3 milhas)"," ","Nao"," "," ","6.000 a 10.000"," "," "," ","0 a 5.000"," "," ","Centro de pesca"," "," "," ","1","","Feb 24, 18 07:32","tc0n-36c5-dyv", 
107,107,"Herculano","10/02/18 ","Linha de base antes da campanha","Masculino","51 - 60","Casado","Proprietario de embarcacao e arte de pesca","Sempre","CCP","11 a 20 anos","Secundario Completo","Chata","Madeira","3","2 a 5","6 a 10 metros","6 a 8 anos","1 a 2 toneladas","Motorizada","Externo","25 cavalos","Arrasto manual","101 a 200 metros","4 a 6 horas","2 lances","3001 a 4.000 metros","Sim","Aquisicao pessoal"," ","Bom","6 dias","Na costa (- de 3 milhas)","Todos dias que vais pescar","Sim","1","+ 41.000"," "," "," ","+ 41.000"," "," "," ","Centro de pesca"," "," "," ","1","","Feb 24, 18 07:35","9cv3-36c5-dmj", 
108,108,"Herculano","10/02/18 ","Linha de base antes da campanha","Masculino","+ 60","Casado","Proprietario de embarcacao e arte de pesca","Sempre","CCP","6 a 10 anos","Primario incompleto","Lancha","Madeira","7","6 a 10","6 a 10 metros","6 a 8 anos","1 a 2 toneladas","Motorizada","Externo","30 cavalos","Linha de mao"," ","3 a 4 dias"," "," ","Sim","Aquisicao pessoal"," ","Bom","7 dias","No alto mar (+ de 3 milhas)","Todos dias que vais pescar","Nao"," "," ","+ 41.000"," "," "," ","+ 41.000"," "," ","Centro de pesca"," "," "," ","1","","Feb 24, 18 07:40","rctk-66c5-d72", 
109,109,"Horacio","10/02/18 ","Linha de base antes da campanha","Masculino","41 - 50","Casado","Proprietario de embarcacao e arte de pesca","Sempre","CCP; PCR","6 a 10 anos","Secundario Incompleto","Chata","Madeira","5","2 a 5","6 a 10 metros","6 a 8 anos","1 a 2 toneladas","Motorizada","Externo","25 cavalos","Arrasto manual","101 a 200 metros","4 a 6 horas","2 lances","3001 a 4.000 metros","Sim","Aquisicao pessoal"," ","Bom","6 dias","Na costa (- de 3 milhas)","Todos dias que vais pescar","Nao"," ","+ 41.000"," "," "," ","+ 41.000"," "," "," ","Centro de pesca"," "," "," ","1","","Feb 24, 18 07:45","hcyr-16c5-dc7", 
110,110,"Herculano","10/02/18 ","Linha de base antes da campanha","Masculino","31 - 40","Casado","Proprietario de embarcacao e arte de pesca","Sempre","CCP; PCR","6 a 10 anos","Secundario Incompleto","Chata","Madeira","4","2 a 5","6 a 10 metros","2 a 5 anos","3 a 4 toneladas","Motorizada","Externo","25 cavalos","Arrasto manual","+ de 200 metros","7 a 9 horas","1 lance","3001 a 4.000 metros","Sim","Aquisicao pessoal"," ","Bom","6 dias","Na costa (- de 3 milhas)","Todos dias que vais pescar","Nao"," ","+ 41.000"," "," "," ","+ 41.000"," "," "," ","Centro de pesca"," "," "," ","1","","Feb 24, 18 07:49","9cwg-k6c5-d91", 
111,11,"Herculano","12/02/18 ","Linha de base antes da campanha","Masculino","51 - 60","Casado","Proprietario de embarcacao e arte de pesca","Sempre","CCP","6 a 10 anos","Primario incompleto","Chata","Madeira","4","2 a 5","6 a 10 metros","2 a 5 anos","3 a 4 toneladas","Motorizada","Externo","25 cavalos","Arrasto manual","101 a 200 metros","4 a 6 horas","2 lances","1.001 a 2.000 metros","Sim","Aquisicao pessoal"," ","Bom","6 dias","Na costa (- de 3 milhas)","Todos dias que vais pescar","Nao"," ","+ 41.000"," "," "," ","+ 41.000"," "," "," ","Centro de pesca"," "," "," ","1","","Feb 24, 18 07:53","mc88-j6c5-d2d", 
112,112,"Herculano","13/02/18 ","Linha de base antes da campanha","Masculino","+ 60","Casado","Proprietario de embarcacao e arte de pesca","Mais de 5 anos","Nenhuma"," ","Primario completo","Chata","Fibra de vidro","4","2 a 5","6 a 10 metros","6 a 8 anos","1 a 2 toneladas","Motorizada","Externo","15 cavalos","Arrasto manual","101 a 200 metros","4 a 6 horas","2 lances","1.001 a 2.000 metros","Sim","Aquisicao pessoal"," ","Bom","6 dias","Na costa (- de 3 milhas)","Todos dias que vais pescar","Nao"," ","+ 41.000"," "," "," ","+ 41.000"," "," "," ","Centro de pesca"," "," "," ","1","","Feb 24, 18 07:58","pcwv-c6c5-dkp", 
113,113,"Herculano","13/02/18 ","Linha de base antes da campanha","Masculino","21 - 30","Solteiro","Pescador simples","Sempre","Nenhuma"," ","Secundario Incompleto"," "," "," "," "," "," "," "," "," "," ","Arrasto manual","101 a 200 metros","4 a 6 horas","2 lances","1.001 a 2.000 metros","Nao"," "," "," ","6 dias","Na costa (- de 3 milhas)"," ","Nao"," ","0 a 5.000"," "," "," ","0 a 5.000"," "," "," ","Centro de pesca"," "," "," ","1","","Feb 24, 18 08:37","9xy4-86c5-dpc", 
114,114,"Herculano","13/02/18 ","Linha de base antes da campanha","Masculino","21 - 30","Casado","Proprietario de arte de pesca","Sempre","CCP","2 a 5 anos","Primario incompleto","Jangada","Mistura","1","0 a 1","- de 5 metros","2 a 5 anos","- de 1 tonelada","Remo"," "," ","Linha de mao"," ","4 a 6 horas"," "," ","Nao"," "," "," ","6 dias","Na costa (- de 3 milhas)"," ","Nao"," "," ","16.000 a 20.000"," "," "," ","11.000 a 15.000"," "," ","Centro de pesca"," "," "," ","1","","Feb 24, 18 08:44","1xvx-16cj-d6n", 
115,115,"Herculano","13/02/18 ","Linha de base antes da campanha","Masculino","21 - 30","Casado","Proprietario de arte de pesca","Sempre","Nenhuma"," ","Secundario Incompleto","Jangada","Mistura","1","0 a 1","- de 5 metros","2 a 5 anos","- de 1 tonelada","Remo"," "," ","Linha de mao"," ","7 a 9 horas"," "," ","Nao"," "," "," ","6 dias","Na costa (- de 3 milhas)"," ","Nao"," "," ","0 a 5.000"," "," "," ","0 a 5.000"," "," ","Centro de pesca"," "," "," ","1","","Feb 24, 18 08:48","3x0n-g6cj-dwk", 
116,116,"Herculano","13/02/18 ","Linha de base antes da campanha","Masculino","21 - 30","Casado","Proprietario de arte de pesca","Sempre","Nenhuma"," ","Primario incompleto","Jangada","Mistura","1","0 a 1","- de 5 metros","2 a 5 anos","- de 1 tonelada","Remo"," "," ","Linha de mao"," ","4 a 6 horas"," "," ","Nao"," "," "," ","7 dias","Na costa (- de 3 milhas)"," ","Nao"," "," ","0 a 5.000"," "," "," ","0 a 5.000"," "," ","Centro de pesca"," "," "," ","1","","Feb 24, 18 08:56","cxdk-66cj-d8r", 
117,117,"Herculano","13/02/18 ","Linha de base antes da campanha","Masculino","31 - 40","Solteiro","Proprietario de arte de pesca","Sempre","CCP","2 a 5 anos","Primario incompleto","Jangada","Mistura","1","0 a 1","- de 5 metros","- de 1 ano","- de 1 tonelada","Remo"," "," ","Linha de mao"," ","7 a 9 horas"," "," ","Nao"," "," "," ","7 dias","Na costa (- de 3 milhas)"," ","Nao"," "," ","11.000 a 15.000"," "," "," ","6.000 a 10.000"," "," ","Centro de pesca"," "," "," ","1","","Feb 24, 18 09:06","0xyg-86cj-dfg", 
118,118,"Herculano","13/02/18 ","Linha de base antes da campanha","Masculino","21 - 30","Casado","Pescador simples","Mais de 5 anos","CCP","6 a 10 anos","Primario completo","Jangada","Mistura","1","0 a 1","- de 5 metros","2 a 5 anos","- de 1 tonelada","Remo"," "," ","Linha de mao"," ","7 a 9 horas"," "," ","Nao"," "," "," ","6 dias","Na costa (- de 3 milhas)"," ","Nao"," "," ","0 a 5.000"," "," "," ","0 a 5.000"," "," ","Centro de pesca"," "," "," ","1","","Feb 24, 18 09:13","mxhh-76cj-d9h", 
119,119,"Herculano","13/02/18 ","Linha de base antes da campanha","Masculino","21 - 30","Solteiro","Pescador simples","Sempre","CCP","6 a 10 anos","Nunca estudou"," "," "," "," "," "," "," "," "," "," ","Arrasto manual","101 a 200 metros","4 a 6 horas","2 lances","2001 a 3.000 metros","Nao"," "," "," ","6 dias","Na costa (- de 3 milhas)"," ","Nao"," ","0 a 5.000"," "," "," ","0 a 5.000"," "," "," ","Centro de pesca"," "," "," ","1","","Feb 24, 18 09:19","1xr5-f6cj-dg5", 
120,120,"Herculano","14/02/18 ","Linha de base antes da campanha","Masculino","21 - 30","Casado","Proprietario de arte de pesca","Sempre","CCP","2 a 5 anos","Secundario Incompleto","Jangada","Mistura","1","0 a 1","- de 5 metros","2 a 5 anos","- de 1 tonelada","Remo"," "," ","Linha de mao"," ","4 a 6 horas"," "," ","Nao"," "," "," ","7 dias","No alto mar (+ de 3 milhas)"," ","Nao"," "," ","6.000 a 10.000"," "," "," ","0 a 5.000"," "," ","Centro de pesca"," "," "," ","1","","Feb 24, 18 09:33","px87-f6cj-dyy", 
121,121,"Herculano","14/02/18 ","Linha de base antes da campanha","Masculino","21 - 30","Casado","Pescador simples","entre 2 a 5 anos","Nenhuma"," ","Primario incompleto"," "," "," "," "," "," "," "," "," "," ","Linha de mao"," ","4 a 6 horas"," "," ","Nao"," "," "," ","7 dias","Na costa (- de 3 milhas)"," ","Nao"," "," ","0 a 5.000"," "," "," ","0 a 5.000"," "," ","Centro de pesca"," "," "," ","1","","Feb 24, 18 09:42","1xct-f6cj-dnf", 
122,122,"Herculano","14/02/18 ","Linha de base antes da campanha","Masculino","21 - 30","Solteiro","Pescador simples","Sempre","CCP","6 a 10 anos","Primario incompleto","Jangada","Mistura","1","0 a 1","- de 5 metros","2 a 5 anos","- de 1 tonelada","Remo"," "," ","Linha de mao"," ","7 a 9 horas"," "," ","Nao"," "," "," ","7 dias","Na costa (- de 3 milhas)"," ","Nao"," "," ","6.000 a 10.000"," "," "," ","0 a 5.000"," "," ","Centro de pesca"," "," "," ","1","","Feb 24, 18 09:45","px1d-26cj-dym", 
123,123,"Herculano","14/02/18 ","Linha de base antes da campanha","Masculino","21 - 30","Casado","Pescador simples","entre 2 a 5 anos","CCP; PCR","7 meses a 1 ano","Primario completo"," "," "," "," "," "," "," "," "," "," ","Arrasto manual","101 a 200 metros","4 a 6 horas","2 lances","2001 a 3.000 metros","Nao"," "," "," ","6 dias","Na costa (- de 3 milhas)"," ","Nao"," ","21.000 a 25.000"," "," "," ","11.000 a 15.000"," "," "," ","Centro de pesca"," "," "," ","1","","Feb 24, 18 09:50","4xwp-r6cj-dct", 
124,124,"Herculano","14/02/18 ","Linha de base antes da campanha","Masculino","15 - 20","Casado","Pescador simples","Sempre","CCP","2 a 5 anos","Secundario Incompleto"," "," "," "," "," "," "," "," "," "," ","Arrasto manual","101 a 200 metros","4 a 6 horas","2 lances","2001 a 3.000 metros","Nao"," "," "," ","6 dias","Na costa (- de 3 milhas)"," ","Nao"," ","0 a 5.000"," "," "," ","0 a 5.000"," "," "," ","Centro de pesca"," "," "," ","1","","Feb 24, 18 09:54","vx64-f6cj-d36", 
125,125,"Herculano","14/02/18 ","Linha de base antes da campanha","Masculino","31 - 40","Casado","Pescador simples","Sempre","CCP; PCR"," ","Secundario Incompleto"," "," "," "," "," "," "," "," "," "," ","Arrasto manual","+ de 200 metros","7 a 9 horas","1 lance","3001 a 4.000 metros","Nao"," "," "," ","6 dias","Na costa (- de 3 milhas)"," ","Nao"," ","11.000 a 15.000"," "," "," ","0 a 5.000"," "," "," ","Centro de pesca"," "," "," ","1","","Feb 24, 18 09:57","yxrc-m6cy-dm4", 
126,126,"Herculano","14/02/18 ","Linha de base antes da campanha","Masculino","21 - 30","Solteiro","Pescador simples","Sempre","CCP","2 a 5 anos","Secundario Incompleto"," "," "," "," "," "," "," "," "," "," ","Arrasto manual","+ de 200 metros","7 a 9 horas","1 lance","3001 a 4.000 metros","Nao"," "," "," ","6 dias","Na costa (- de 3 milhas)"," ","Nao"," ","11.000 a 15.000"," "," "," ","6.000 a 10.000"," "," "," ","Centro de pesca"," "," "," ","1","","Feb 24, 18 10:01","r0k0-w6cy-dy0", 
127,127,"Herculano","14/02/18 ","Linha de base antes da campanha","Masculino","15 - 20","Solteiro","Pescador simples","Mais de 5 anos","Nenhuma"," ","Nunca estudou"," "," "," "," "," "," "," "," "," "," ","Arrasto manual","101 a 200 metros","7 a 9 horas","1 lance","2001 a 3.000 metros","Nao"," "," "," ","6 dias","Na costa (- de 3 milhas)"," ","Nao"," ","6.000 a 10.000"," "," "," ","0 a 5.000"," "," "," ","Centro de pesca"," "," "," ","1","","Feb 24, 18 10:06","t0tn-66cy-dd3", 
128,128,"Herculano","14/02/18 ","Linha de base antes da campanha","Masculino","15 - 20","Solteiro","Pescador simples","Sempre","Nenhuma"," ","Primario completo"," "," "," "," "," "," "," "," "," "," ","Arrasto manual","101 a 200 metros","4 a 6 horas","2 lances","2001 a 3.000 metros","Nao"," "," "," ","6 dias","Na costa (- de 3 milhas)"," ","Nao"," ","0 a 5.000"," "," "," ","0 a 5.000"," "," "," ","Centro de pesca"," "," "," ","1","","Feb 24, 18 10:11","40yk-j6cy-dpw", 
129,129,"Herculano","14/02/18 ","Linha de base antes da campanha","Masculino","21 - 30","Casado","Proprietario de embarcacao","Sempre","CCP","6 a 10 anos","Secundario Incompleto","Jangada","Mistura","1","0 a 1","- de 5 metros","2 a 5 anos","- de 1 tonelada","Remo"," "," ","Linha de mao"," ","7 a 9 horas"," "," ","Nao"," "," "," ","7 dias","No alto mar (+ de 3 milhas)"," ","Nao"," "," ","+ 41.000"," "," "," ","31.000 a 40.00"," "," ","Centro de pesca"," "," "," ","1","","Feb 24, 18 10:14","f01w-26cy-dd9", 
130,130,"Herculano","14/02/18 ","Linha de base antes da campanha","Masculino","31 - 40","Casado","Pescador simples","Sempre","CCP","6 a 10 anos","Primario incompleto"," "," "," "," "," "," "," "," "," "," ","Arrasto manual","101 a 200 metros","4 a 6 horas","2 lances","1.001 a 2.000 metros","Nao"," "," "," ","6 dias","Na costa (- de 3 milhas)"," ","Nao"," ","6.000 a 10.000"," "," "," ","0 a 5.000"," "," "," ","Centro de pesca"," "," "," ","1","","Feb 24, 18 10:18","30rr-46cy-d48", 
131,131,"Herculano","14/02/18 ","Linha de base antes da campanha","Masculino","21 - 30","Casado","Pescador simples","Sempre","Nenhuma"," ","Primario incompleto"," "," "," "," "," "," "," "," "," "," ","Arrasto manual","101 a 200 metros","4 a 6 horas","2 lances","1.001 a 2.000 metros","Nao"," "," "," ","6 dias","Na costa (- de 3 milhas)"," ","Nao"," ","0 a 5.000"," "," "," ","0 a 5.000"," "," "," ","Centro de pesca"," "," "," ","1","","Feb 24, 18 10:22","n0mg-k6cy-djv", 
132,132,"Herculano","14/02/18 ","Linha de base antes da campanha","Masculino","21 - 30","Casado","Pescador simples","Sempre","Nenhuma"," ","Primario completo"," "," "," "," "," "," "," "," "," "," ","Arrasto manual","101 a 200 metros","4 a 6 horas","2 lances","1.001 a 2.000 metros","Nao"," "," "," ","6 dias","Na costa (- de 3 milhas)"," ","Nao"," ","6.000 a 10.000"," "," "," ","0 a 5.000"," "," "," ","Centro de pesca"," "," "," ","1","","Feb 24, 18 10:25","r0n8-86cy-d0y", 
133,133,"Herculano","14/02/18 ","Linha de base antes da campanha","Masculino","21 - 30","Casado","Pescador simples","Sempre","CCP","2 a 5 anos","Secundario Incompleto"," "," "," "," "," "," "," "," "," "," ","Arrasto manual","101 a 200 metros","4 a 6 horas","2 lances","1.001 a 2.000 metros","Nao"," "," "," ","6 dias","Na costa (- de 3 milhas)"," ","Nao"," ","16.000 a 20.000"," "," "," ","6.000 a 10.000"," "," "," ","Centro de pesca"," "," "," ","1","","Feb 24, 18 10:30","90tv-n6cy-dff", 
134,134,"Horacio","14/02/18 ","Linha de base antes da campanha","Masculino","21 - 30","Casado","Pescador simples","Sempre","Nenhuma"," ","Primario incompleto"," "," "," "," "," "," "," "," "," "," ","Arrasto manual","101 a 200 metros","4 a 6 horas","2 lances","1.001 a 2.000 metros","Nao"," "," "," ","6 dias","Na costa (- de 3 milhas)"," ","Nao"," ","11.000 a 15.000"," "," "," ","6.000 a 10.000"," "," "," ","Centro de pesca"," "," "," ","1","","Feb 24, 18 10:37","5ncj-96cy-dhc", 
